,Repo
0,peng-zhihui/HDMI-PI
1,RubyLouvre/avalon
2,peng-zhihui/XUAN
3,bootandy/dust
4,klzgrad/naiveproxy
5,johnpapa/angular-styleguide
6,cjbarber/ToolsOfTheTrade
7,lostisland/faraday
8,tgalal/yowsup
9,sdelements/lets-chat
10,madrobby/keymaster
11,tmuxinator/tmuxinator
12,weibocom/motan
13,barryclark/jekyll-now
14,topjohnwu/Magisk
15,shadowsocks/shadowsocks-go
16,mailhog/MailHog
17,liaohuqiu/android-Ultra-Pull-To-Refresh
18,Automattic/_s
19,paperjs/paper.js
20,kelseyhightower/confd
21,moq/moq4
22,minimaxir/big-list-of-naughty-strings
23,mattboldt/typed.js
24,overleaf/overleaf
25,mrdoob/stats.js
26,Rich-Harris/degit
27,cheat-engine/cheat-engine
28,wesbos/beginner-javascript
29,lokesh/lightbox2
30,facebookresearch/dino
31,acdlite/recompose
32,valyala/fasthttp
33,peng-zhihui/Dummy-Robot
34,amfe/article
35,lenve/vhr
37,ruanyf/react-demos
38,php/php-src
39,JakeWharton/ViewPagerIndicator
40,yemount/pose-animator
41,jakesgordon/javascript-state-machine
42,sebastianbergmann/diff
43,veltman/flubber
44,WickyNilliams/headroom.js
45,microsoft/GSL
46,andreafabrizi/Dropbox-Uploader
47,google/latexify_py
48,dylang/shortid
49,docker-library/official-images
50,fpinscala/fpinscala
51,fengdu78/lihang-code
52,harthur/brain
53,sdkman/sdkman-cli
54,FriendsOfPHP/Goutte
55,liuhuanyong/QASystemOnMedicalKG
56,liuliu/ccv
57,google/leveldb
58,stanfordnlp/GloVe
59,jquense/react-big-calendar
60,fgnass/spin.js
61,piotrplenik/clean-code-php
62,girliemac/a-picture-is-worth-a-1000-words
63,google/tsunami-security-scanner
64,phoenixframework/phoenix_live_view
65,hwchase17/langchainjs
66,cyanharlow/purecss-francine
67,Twipped/InterviewThis
68,Meituan-Dianping/SQLAdvisor
69,CEWendel/SWTableViewCell
70,cloudflare/cfssl
71,fex-team/webuploader
72,thinkaurelius/titan
73,google/ios-webkit-debug-proxy
74,Netflix/SimianArmy
75,torvalds/linux
76,flightjs/flight
77,signalapp/Signal-Android
78,mrmrs/colors
79,BrowserSync/browser-sync
80,signalapp/Signal-Server
81,formulahendry/955.WLB
82,lukeed/polka
83,microsoft/MS-DOS
84,facebookarchive/Keyframes
85,clojure/clojurescript
86,Netflix/eureka
87,sorrycc/awesome-javascript
88,sindresorhus/quick-look-plugins
89,auth0/node-jsonwebtoken
90,karan/Projects
91,zouzg/mybatis-generator-gui
92,KhronosGroup/glTF
93,facebook/flipper
94,Netflix/Hystrix
95,kjw0612/awesome-deep-vision
96,prasmussen/gdrive
97,facebook/litho
98,mamaral/Onboard
99,chjj/blessed
100,facebookarchive/nuclide
101,facebookarchive/shimmer-android
102,kubernetes/dashboard
103,tensorflow/tfjs-examples
104,trustedsec/social-engineer-toolkit
105,microsoft/mimalloc
106,Fmstrat/winapps
107,wagerfield/parallax
108,bestiejs/benchmark.js
109,microsoft/Windows-universal-samples
110,cubiq/iscroll
111,artidoro/qlora
112,php-fig/container
113,google/re2
114,microsoft/reverse-proxy
115,golang/mobile
116,mamedev/mame
117,pkg/errors
118,sebastianbergmann/php-timer
119,shadowsocks/shadowsocks
120,jquery-ui-bootstrap/jquery-ui-bootstrap
121,antirez/kilo
122,raulmur/ORB_SLAM2
123,rupa/z
125,jmoiron/sqlx
126,karpathy/convnetjs
127,samshadwell/TrumpScript
128,Koenkk/zigbee2mqtt
129,gajus/react-css-modules
130,altercation/solarized
131,kelseyhightower/kubernetes-the-hard-way
132,FelisCatus/SwitchyOmega
133,bradtraversy/50projects50days
134,vuejs/vue-class-component
135,chokcoco/CSS-Inspiration
136,USArmyResearchLab/Dshell
137,adam-p/markdown-here
138,microsoft/Windows-driver-samples
139,tristanhimmelman/ObjectMapper
140,jaakkopasanen/AutoEq
141,mitchellh/mapstructure
142,google/flutter-desktop-embedding
143,SubtitleEdit/subtitleedit
144,sebastianbergmann/exporter
145,facebook/fresco
146,rui314/chibicc
147,kevana/ui-for-docker
148,mcollina/autocannon
149,wurstmeister/kafka-docker
150,lmoroney/dlaicourse
151,codecombat/codecombat
152,yixia/VitamioBundle
153,docopt/docopt
154,philipwalton/solved-by-flexbox
155,google/lovefield
156,reactjs/rfcs
157,node-inspector/node-inspector
158,sjwhitworth/golearn
159,pedant/sweet-alert-dialog
160,meetecho/janus-gateway
161,GavinZhuLei/vue-form-making
162,bradtraversy/vanillawebprojects
163,jorgef/engineeringladders
164,jmcunningham/AngularJS-Learning
165,nhaarman/ListViewAnimations
166,necolas/idiomatic-css
167,yanirs/established-remote
168,JakeWharton/DiskLruCache
169,oarriaga/face_classification
170,vinc3m1/RoundedImageView
171,rstacruz/nprogress
172,tmux-plugins/tpm
173,tholman/elevator.js
174,vuejs/awesome-vue
175,toml-lang/toml
176,JakeWharton/butterknife
177,msgpack/msgpack
178,pokeb/asi-http-request
179,gentilkiwi/mimikatz
180,flask-restful/flask-restful
181,liftoff/GateOne
182,sysown/proxysql
183,shidenggui/easytrader
184,FastLED/FastLED
185,sparksuite/simplemde-markdown-editor
186,tiff/wysihtml5
187,gnachman/iTerm2
188,facebookarchive/flux
189,hacksalot/HackMyResume
190,clvv/fasd
191,http-party/node-http-proxy
192,CreateJS/EaselJS
193,doctrine/lexer
194,impress/impress.js
195,ai/size-limit
196,facebook/watchman
197,containers/skopeo
198,java-decompiler/jd-gui
199,rtfeldman/seamless-immutable
200,google/auto
201,lra/mackup
202,soimort/translate-shell
203,rengwuxian/MaterialEditText
204,soulmachine/machine-learning-cheat-sheet
205,magicmonty/bash-git-prompt
206,aphyr/distsys-class
207,sebastianbergmann/php-file-iterator
208,google-deepmind/alphafold
209,apenwarr/sshuttle
210,erikras/ducks-modular-redux
211,fikovnik/ShiftIt
212,cs231n/cs231n.github.io
213,peng-zhihui/HoloCubic
214,jemalloc/jemalloc
215,GoesToEleven/GolangTraining
216,niderhoff/nlp-datasets
217,brython-dev/brython
218,facebook/hermes
219,Unity-Technologies/UnityCsReference
220,vitalets/x-editable
221,NaturalNode/natural
222,twbs/bootstrap-sass
223,Supervisor/supervisor
224,miloyip/game-programmer
225,ibab/tensorflow-wavenet
226,mafintosh/peerflix
227,davidshimjs/qrcodejs
228,clojure/clojure
229,CodeSeven/toastr
230,foreversd/forever
231,dargullin/icheck
232,p-e-w/maybe
233,leisurelicht/wtfpython-cn
234,audreyfeldroy/favicon-cheat-sheet
235,newsapps/beeswithmachineguns
237,pcqpcq/open-source-android-apps
238,alibaba/DataX
239,NVIDIA/apex
240,google/libphonenumber
241,jamiebuilds/the-super-tiny-compiler
242,h5bp/Effeckt.css
243,facebookarchive/rebound
244,facebook/folly
245,sstephenson/bats
246,iamtrask/Grokking-Deep-Learning
247,thinkgem/jeesite
248,JakeWharton/u2020
249,vasanthk/how-web-works
250,NVlabs/SPADE
251,daylerees/colour-schemes
252,bitcoin/bips
253,bilibili/flv.js
254,beamandrew/medical-data
255,jwasham/computer-science-flash-cards
256,NVlabs/stylegan
257,cjwirth/awesome-ios-ui
258,slackhq/nebula
259,xingyizhou/CenterNet
260,facebookresearch/faiss
261,pxb1988/dex2jar
262,ninja-build/ninja
263,facebookresearch/llama
264,elazarl/goproxy
265,gaearon/react-hot-loader
266,GitbookIO/gitbook
267,jlevy/og-equity-compensation
268,acdlite/react-fiber-architecture
269,beanstalkd/beanstalkd
270,SamHerbert/SVG-Loaders
271,nginx/nginx
272,openwrt/luci
273,didi/VirtualAPK
274,lenve/VBlog
275,EtherDream/jsproxy
276,openai/shap-e
277,jsonmodel/jsonmodel
278,bradtraversy/design-resources-for-developers
279,bayandin/awesome-awesomeness
280,techfort/LokiJS
281,nelhage/reptyr
282,ftlabs/fastclick
283,RestKit/RestKit
284,metafizzy/flickity
285,wesm/pydata-book
286,davidmerfield/randomColor
287,HIPS/autograd
288,rwaldron/idiomatic.js
289,phar-io/version
290,facebookresearch/metaseq
291,jasonmayes/Real-Time-Person-Removal
292,StackExchange/blackbox
293,WebpageFX/emoji-cheat-sheet.com
294,fullstackio/FlappySwift
295,docker/docker-bench-security
296,facebook/facebook-ios-sdk
297,koenbok/Framer
298,taylorchen709/vue-admin
299,TerryCavanagh/VVVVVV
300,sovereign/sovereign
301,boostorg/boost
302,nicolashery/mac-dev-setup
303,taobao/nginx-book
304,tastejs/todomvc
305,relax/relax
306,assaf/zombie
307,google/guice
308,lua/lua
309,bitemyapp/learnhaskell
310,puppetlabs/puppet
311,purcell/emacs.d
312,google/gopacket
313,carhartl/jquery-cookie
314,dmytrodanylyk/circular-progress-button
315,sass/sass
316,datasciencemasters/go
317,llSourcell/Learn_Machine_Learning_in_3_Months
318,yangyangwithgnu/use_vim_as_ide
319,JacksonTian/fks
320,reactjs/react-router-redux
321,Kaggle/kaggle-api
322,firebase/php-jwt
323,microsoft/vscode-recipes
324,alibaba/p3c
325,Shopify/dashing
326,jgraph/mxgraph
327,netblue30/firejail
328,docker/dockercraft
329,antirez/disque
330,facebookresearch/audiocraft
331,Kitware/CMake
332,mozilla/pdf.js
333,postmanlabs/postman-app-support
334,tuteng/Best-websites-a-programmer-should-visit-zh
335,jquery/sizzle
336,xdissent/ievms
337,Terry-Mao/goim
338,ampproject/amphtml
339,twitter/the-algorithm-ml
340,microsoft/BosqueLanguage
341,JakeWharton/timber
342,wtsxDev/reverse-engineering
343,spf13/viper
344,H07000223/FlycoTabLayout
345,mozilla/send
346,luanfujun/deep-painterly-harmonization
347,gabrielecirulli/2048
348,mortenjust/androidtool-mac
349,bup/bup
350,ruanyf/weekly
351,knightliao/disconf
352,tensorflow/playground
353,wuhaoyu1990/MagicCamera
354,fool2fish/dragon-book-exercise-answers
355,dropbox/zxcvbn
356,requirejs/requirejs
357,fabric/fabric
358,Reactive-Extensions/RxJS
359,koush/ion
360,scutan90/DeepLearning-500-questions
361,facebookarchive/draft-js
362,jgamblin/Mirai-Source-Code
363,davatron5000/Lettering.js
364,mysql/mysql-server
365,kien/ctrlp.vim
366,microsoft/STL
367,kubernetes/examples
368,benhmoore/Knwl
369,openai/universe
370,gskinner/regexr
371,gothinkster/react-redux-realworld-example-app
372,doctrine/instantiator
373,peng-zhihui/ElectronBot
374,microsoft/cascadia-code
375,blevesearch/bleve
376,ricklamers/gridstudio
377,winstonjs/winston
378,dotnet/wpf
379,aosabook/500lines
380,espressif/esp-idf
381,openwrt/openwrt
382,nodeca/js-yaml
383,wuxingsanren/wildcat-vip-account
384,ExactTarget/fuelux
385,JordanSchuetz/LearnCS8-Resume
386,typicode/json-server
387,dylang/npm-check
388,microsoft/reactxp
389,tmux/tmux
390,hongyangAndroid/AndroidAutoLayout
391,phusion/baseimage-docker
392,facebookresearch/demucs
393,fzaninotto/Faker
394,dogecoin/dogecoin
395,IFTTT/JazzHands
396,reduxjs/redux-toolkit
397,NVlabs/stylegan3
398,careercup/ctci
399,peachananr/onepage-scroll
400,fighting41love/funNLP
401,krausest/js-framework-benchmark
402,fogleman/nes
403,AlessandroZ/LaZagne
404,foru17/front-end-collect
405,GrowingGit/GitHub-Chinese-Top-Charts
406,kevinzhow/PNChart
407,neonbjb/tortoise-tts
408,babun/babun
409,James-Yu/LaTeX-Workshop
410,lltcggie/waifu2x-caffe
411,jvns/pandas-cookbook
412,viraptor/reverse-interview
413,robfig/cron
414,iron/iron
415,dingo/api
416,jamiebuilds/itsy-bitsy-data-structures
417,noodlewerk/NWPusher
418,astaxie/build-web-application-with-golang
419,h2o/h2o
420,progschj/ThreadPool
421,robb/Cartography
422,ReactiveX/RxAndroid
423,samyk/poisontap
424,electronicarts/CnC_Remastered_Collection
425,rust-lang/rust-by-example
426,alex/what-happens-when
427,romaonthego/RESideMenu
428,phoboslab/jsmpeg
429,yeoman/yeoman
430,fastai/courses
431,camsong/You-Dont-Need-jQuery
432,me115/design_patterns
433,angular/angular-seed
434,ruanyf/es6tutorial
435,apple/ml-stable-diffusion
436,jerryjliu/llama_index
437,Flipboard/FLAnimatedImage
438,me115/linuxtools_rst
439,imakewebthings/waypoints
440,tpope/vim-fugitive
441,redis/hiredis
442,MyCATApache/Mycat-Server
443,sebastianbergmann/code-unit-reverse-lookup
444,alievk/avatarify-python
445,robbiehanson/CocoaHTTPServer
446,travist/jsencrypt
448,christiannaths/redacted-font
449,Rob--W/cors-anywhere
450,yaronn/blessed-contrib
451,hongyangAndroid/FlowLayout
452,go-martini/martini
453,mmcgrana/gobyexample
454,dnoegel/php-xdg-base-dir
455,pedrovgs/EffectiveAndroidUI
456,facebookresearch/codellama
457,dinedal/textql
458,tpope/vim-surround
459,NVIDIA/vid2vid
460,karpathy/neuraltalk2
461,microsoft/TypeScript-React-Starter
462,WordPress/WordPress
463,eduardolundgren/tracking.js
464,adamwdraper/Numeral-js
465,webpy/webpy
466,rlidwka/sinopia
467,VincentGarreau/particles.js
468,Grsmto/simplebar
469,twitter/hogan.js
470,russross/blackfriday
471,sergeche/emmet-sublime
472,gzc/CLRS
473,yangyangwithgnu/hardseed
474,tloen/alpaca-lora
475,imakewebthings/deck.js
476,esnet/iperf
477,HubSpot/offline
478,ResearchKit/ResearchKit
479,hakimel/Ladda
480,rebootuser/LinEnum
481,ruanyf/free-books
482,google/snappy
483,google/deepdream
484,git-up/GitUp
485,openai/tiktoken
486,yandex/gixy
487,soimort/you-get
488,socketio/socket.io-client-java
489,PHPOffice/PHPExcel
490,openai/gym
491,slap-editor/slap
492,openai/point-e
493,cloudwu/skynet
494,robertkrimen/otto
495,luanfujun/deep-photo-styletransfer
496,cyfdecyf/cow
497,matthieua/WOW
498,GoogleChrome/samples
499,lewagon/dotfiles
500,davecheney/httpstat
501,facebookresearch/SlowFast
502,p8952/bocker
503,ericchiang/pup
504,JohnCoates/Aerial
505,rxin/db-readings
506,hpneo/gmaps
507,DataTables/DataTables
508,Sigil-Ebook/Sigil
509,DaveGamble/cJSON
510,zaphoyd/websocketpp
511,rxi/lite
512,microsoft/vscode-extension-samples
513,sxei/chrome-plugin-demo
514,defunkt/jquery-pjax
515,UKPLab/sentence-transformers
516,apple/swift
517,mnielsen/neural-networks-and-deep-learning
518,Ji4n1ng/OpenInTerminal
519,adambard/learnxinyminutes-docs
520,rswier/c4
521,jakearchibald/idb
522,ethereum/EIPs
523,mobile-shell/mosh
524,ggerganov/llama.cpp
525,mde/ejs
526,huangz1990/redis-3.0-annotated
527,fontforge/fontforge
528,elixir-lang/elixir
529,duilib/duilib
530,kingoflolz/mesh-transformer-jax
531,dataarts/dat.gui
532,qgis/QGIS
533,overtone/overtone
534,jashkenas/backbone
535,scenee/FloatingPanel
536,alexjc/neural-enhance
537,santinic/how2
538,karpathy/micrograd
539,easychen/lean-side-bussiness
540,mgdm/htmlq
541,menzi11/BullshitGenerator
542,ljharb/tape
543,cuckoosandbox/cuckoo
544,nothings/stb
545,rui314/8cc
546,apprenticeharper/DeDRM_tools
547,cmiscm/leonsans
548,jshint/jshint
549,yiminghe/async-validator
550,kevin-wayne/algs4
551,dimsemenov/Magnific-Popup
552,reactnativecn/react-native-guide
553,soldair/node-qrcode
554,mli/autocut
555,ncase/trust
556,Sonarr/Sonarr
557,motianhuo/wechat
558,sebastianbergmann/object-enumerator
559,martinblech/xmltodict
560,evilstreak/markdown-js
561,norvig/paip-lisp
562,horst3180/arc-theme
563,bilibili/DanmakuFlameMaster
564,aFarkas/html5shiv
565,daimajia/AndroidImageSlider
566,powerline/fonts
567,jojoldu/junior-recruit-scheduler
568,petehunt/react-howto
569,shichuan/javascript-patterns
570,google/skia
571,BradLarson/GPUImage
572,ageron/handson-ml2
573,skwp/dotfiles
574,microsoft/c9-python-getting-started
575,hashicorp/nomad
576,bellard/quickjs
577,nlintz/TensorFlow-Tutorials
578,vuejs/vue-hackernews-2.0
579,netty/netty
580,twitter/the-algorithm
581,microsoft/dotnet
582,lexrus/LTMorphingLabel
583,sindresorhus/github-markdown-css
584,microsoft/WinObjC
585,django/channels
586,tensorflow/tensorboard
587,prerender/prerender
588,jfeinstein10/SlidingMenu
589,MatthewYork/DateTools
590,doctrine/common
591,kkroening/ffmpeg-python
592,bvaughn/react-error-boundary
593,ChrisTitusTech/winutil
594,RomuloOliveira/commit-messages-guide
595,lukeed/clsx
596,TTTAttributedLabel/TTTAttributedLabel
597,tensorflow/nmt
598,xxv/android-lifecycle
599,exacity/deeplearningbook-chinese
600,jdg/MBProgressHUD
601,mindmup/bootstrap-wysiwyg
602,juliocesarfort/public-pentesting-reports
603,phobal/ivideo
604,openresty/openresty
605,una/CSSgram
606,JesusFreke/smali
607,giantray/stackoverflow-java-top-qa
608,nenadmarkus/picojs
609,huggingface/trl
610,JoeyDeVries/LearnOpenGL
611,pytorch/examples
612,google/eng-practices
613,vysheng/tg
614,altercation/vim-colors-solarized
615,ChrisRM/material-theme-jetbrains
616,interagent/http-api-design
617,seatgeek/fuzzywuzzy
618,angrave/SystemProgramming
619,vladikoff/chromeos-apk
620,cplusplus/draft
621,shellphish/how2heap
622,mwaterfall/MWPhotoBrowser
623,twitter/twemproxy
624,ziahamza/webui-aria2
625,CatchChat/Yep
626,xingshaocheng/architect-awesome
627,tensorflow/models
628,thoughtbot/guides
629,mailchimp/email-blueprints
630,desandro/masonry
631,jackfrued/Python-Core-50-Courses
632,baconjs/bacon.js
633,andreamazz/AMScrollingNavbar
634,brix/crypto-js
635,electron/electron-quick-start
636,hamcrest/hamcrest-php
637,lukehaas/css-loaders
638,tensorflow/tpu
639,daniel-lundin/snabbt.js
640,JakeWharton/RxBinding
641,rse/es6-features
642,mruby/mruby
643,NVIDIA/Megatron-LM
644,WebGoat/WebGoat
645,majodev/google-webfonts-helper
646,tijsverkoyen/CssToInlineStyles
647,technomancy/leiningen
648,facebookarchive/pop
649,google/web-starter-kit
650,rauchg/slackin
651,major/MySQLTuner-perl
652,dwyl/english-words
653,notwaldorf/tiny-care-terminal
654,rethinkdb/horizon
655,ashleymills/Reachability.swift
656,cfenollosa/os-tutorial
657,codemirror/codemirror5
658,rstacruz/jquery.transit
659,amix/vimrc
660,ai/easings.net
661,llvm/llvm-project
662,tangqiaoboy/iOSBlogCN
663,mscdex/ssh2
664,resume/resume.github.com
665,andlabs/libui
666,changmingxie/tcc-transaction
667,npm/npm
668,gliderlabs/docker-alpine
669,imathis/octopress
670,bitcoinbook/bitcoinbook
671,springside/springside4
672,trello/RxLifecycle
673,kesenhoo/android-training-course-in-chinese
674,commaai/openpilot
675,NVIDIA/FastPhotoStyle
676,tomnomnom/gron
677,kodecocodes/swift-style-guide
678,louischatriot/nedb
679,KnuffApp/Knuff
680,greensock/GSAP
681,facebook/yoga
682,brycedrennan/imaginAIry
683,sebastianbergmann/php-token-stream
684,anvaka/city-roads
685,thebird/Swipe
686,lukehoban/es6features
687,rakyll/hey
688,reduxjs/redux-devtools
689,janpaepke/ScrollMagic
690,cazala/synaptic
691,yahoo/open_nsfw
692,microsoft/TaskMatrix
693,sebastianbergmann/environment
694,scottbez1/smartknob
695,sebastianbergmann/object-reflector
696,NanoHttpd/nanohttpd
697,h4cc/awesome-elixir
698,facebookarchive/xctool
699,spipm/Depix
700,ajaxorg/ace
701,airbnb/lottie-web
702,xupefei/Locale-Emulator
703,Famous/famous
704,alibaba/otter
705,thx/RAP
706,jdorn/json-editor
707,microsoft/ethr
708,BishopFox/unredacter
709,qiao/PathFinding.js
710,LeaVerou/awesomplete
711,carrierwaveuploader/carrierwave
712,ytdl-org/youtube-dl
713,plantuml/plantuml
714,twitter-archive/snowflake
715,tensorflow/tfjs-models
716,tobiasahlin/SpinKit
717,thx/rap2-delos
718,carlhuda/janus
719,erikflowers/weather-icons
720,casey/just
721,mdo/code-guide
722,square/picasso
723,python/cpython
724,greatfire/wiki
725,django-extensions/django-extensions
726,popcorn-time/popcorn-app
727,reduxjs/redux-thunk
728,bmorelli25/Become-A-Full-Stack-Web-Developer
729,amfe/lib-flexible
730,nickbutcher/plaid
731,alibaba/canal
732,sebastianbergmann/global-state
733,dgrijalva/jwt-go
734,matthewmueller/x-ray
735,ractivejs/ractive
736,inconshreveable/ngrok
737,HannahMitt/HomeMirror
738,erlang/otp
739,facebookresearch/segment-anything
740,shadowsocks/shadowsocks-iOS
741,gsdios/SDAutoLayout
742,daviddao/awful-ai
743,clsid2/mpc-hc
744,vuejs/vue-cli
745,facebook/lexical
746,mobz/elasticsearch-head
747,mgcrea/angular-strap
748,lightSky/Awesome-MaterialDesign
749,freebsd/freebsd-src
750,fontello/fontello
751,nathanmarz/storm
752,designmodo/Flat-UI
753,facebookarchive/react-360
754,ustbhuangyi/vue-analysis
755,alibaba/anyproxy
756,doctrine/cache
757,go-yaml/yaml
758,cnodejs/nodeclub
759,javan/whenever
760,ruanyf/document-style-guide
762,antimatter15/alpaca.cpp
763,ptmt/react-native-macos
764,julycoding/The-Art-Of-Programming-By-July-2nd
765,josdejong/jsoneditor
766,ikew0ng/SwipeBackLayout
767,tastejs/awesome-app-ideas
768,jesseduffield/lazydocker
769,microsoft/vscode-tips-and-tricks
770,sebastianbergmann/version
771,slackhq/SlackTextViewController
772,reactjs/react-router-tutorial
773,request/request
774,jsfiddle/togetherjs
775,facebookresearch/xformers
776,forkingdog/FDFullscreenPopGesture
777,pockethub/PocketHub
778,chillzhuang/SpringBlade
779,twostraws/HackingWithSwift
780,twitter/typeahead.js
781,facebook/sapling
782,paramiko/paramiko
783,facebookresearch/ParlAI
784,Freeboard/freeboard
785,eligrey/FileSaver.js
786,greenrobot/greenDAO
787,WeeJeWel/wg-easy
788,geekcomputers/Python
789,facebookresearch/seamless_communication
790,draios/sysdig
791,magicalpanda/MagicalRecord
792,madrobby/zepto
793,reflux/refluxjs
794,gorakhargosh/watchdog
795,Flipboard/react-canvas
796,facebook/chisel
797,apple/swift-evolution
798,soumith/ganhacks
799,greenrobot/EventBus
800,id-Software/DOOM
801,Yelp/elastalert
802,CanvasPod/Canvas
803,philc/vimium
804,NetEase/pomelo
805,kif-framework/KIF
806,hackergrrl/art-of-readme
807,flask-admin/flask-admin
808,ducksboard/gridster.js
809,Tencent/rapidjson
810,Automattic/node-canvas
811,google/physical-web
812,iovisor/bcc
813,streamich/react-use
814,sitaramc/gitolite
815,chrisbanes/Android-PullToRefresh
816,haoel/haoel.github.io
817,mozilla/readability
818,EZLippi/Tinyhttpd
819,localtunnel/localtunnel
820,zendesk/android-floating-action-button
821,facebookresearch/dinov2
822,isnowfy/snownlp
823,gsdios/SDCycleScrollView
824,coolwanglu/pdf2htmlEX
825,erincatto/box2d
826,huluoyang/freecodecamp.cn
827,css-modules/css-modules
828,google/fonts
829,thoughtbot/paperclip
830,xufei/blog
831,jtoy/awesome-tensorflow
832,darktable-org/darktable
833,umano/AndroidSlidingUpPanel
834,shiftkey/desktop
835,systemjs/systemjs
836,ai/nanoid
837,json-api/json-api
838,adonovan/gopl.io
839,grpc/grpc
840,roboticcam/machine-learning-notes
841,gizak/termui
842,haoel/leetcode
843,signalapp/Signal-iOS
844,barteksc/AndroidPdfViewer
845,metafizzy/isotope
846,openai/consistency_models
847,xiaolai/everyone-can-use-english
848,jcjohnson/neural-style
849,blueimp/jQuery-File-Upload
850,Idnan/bash-guide
851,nicklockwood/iCarousel
852,Theano/Theano
853,chieffancypants/angular-loading-bar
854,apple/swift-package-manager
855,senghoo/golang-design-pattern
856,signalapp/Signal-Desktop
857,ansible/ansible-examples
858,maxogden/art-of-node
859,stoeffel/awesome-fp-js
860,mozilla/BrowserQuest
861,wkhtmltopdf/wkhtmltopdf
862,jobbole/awesome-programming-books
863,boot2docker/boot2docker
864,openpgpjs/openpgpjs
865,googollee/go-socket.io
866,chriskiehl/Gooey
867,GoogleCloudPlatform/training-data-analyst
868,marcan/takeover.sh
869,Aufree/trip-to-iOS
870,davidfowl/AspNetCoreDiagnosticScenarios
871,yhatt/marp
872,novus/nvd3
873,evant/gradle-retrolambda
874,Jam3/math-as-code
875,daimajia/AndroidSwipeLayout
876,peco/peco
877,HubSpot/vex
878,microsoft/VFSForGit
879,memcached/memcached
880,anishathalye/neural-style
881,karpathy/nanoGPT
882,NVIDIA/open-gpu-kernel-modules
884,DmitryUlyanov/deep-image-prior
885,vuejs/petite-vue
886,nothings/single_file_libs
887,isocpp/CppCoreGuidelines
888,typekit/webfontloader
889,gleitz/howdoi
890,karpathy/llama2.c
891,bitwiseshiftleft/sjcl
892,objective-see/LuLu
893,rbgirshick/py-faster-rcnn
894,julianshapiro/velocity
895,open-source-parsers/jsoncpp
896,morrisjs/morris.js
897,qinyuhang/ShadowsocksX-NG-R
898,holman/spark
899,torch/torch7
900,kriskowal/q
901,facebook/relay
902,arasatasaygin/is.js
903,HackerPoet/NonEuclidean
904,sindresorhus/screenfull
905,Wind4/vlmcsd
906,TheCherno/Hazel
907,square/crossfilter
908,flynn/flynn
909,venmo/synx
910,squeaky-pl/japronto
911,mailgun/transactional-email-templates
912,vk-com/kphp-kdb
913,fouber/blog
914,priyankavergadia/google-cloud-4-words
915,ethereum/wiki
916,phoboslab/qoi
917,borisdayma/dalle-mini
918,tools/godep
919,jantic/DeOldify
920,pugjs/pug
921,TadasBaltrusaitis/OpenFace
922,baowenbo/DAIN
923,flutter/samples
924,MengTo/Spring
925,bpampuch/pdfmake
926,coells/100days
927,syntaxhighlighter/syntaxhighlighter
928,hashicorp/packer
929,dotnet/blazor
930,Tencent/MLeaksFinder
931,davecgh/go-spew
932,HubSpot/odometer
933,facebook/flow
934,tmux-plugins/tmux-resurrect
935,vicc/chameleon
936,sindresorhus/ora
937,jashkenas/coffeescript
938,qinjx/30min_guides
939,airbnb/epoxy
940,GoogleChrome/web-vitals
941,seajs/seajs
942,ChenYilong/iOSInterviewQuestions
943,lzyzsd/JsBridge
944,wasabeef/awesome-android-libraries
945,aemkei/jsfuck
946,QSCTech/zju-icicles
947,valinet/ExplorerPatcher
948,octocat/Spoon-Knife
949,freddier/hyperblog
950,lcdevelop/ChatBotCourse
951,danialfarid/ng-file-upload
952,wilsonpage/fastdom
953,SecWiki/sec-chart
954,briangonzalez/jquery.adaptive-backgrounds.js
955,isaacs/node-glob
956,strongloop/loopback
957,airbnb/css
958,rolling-scopes/rsschool-app
959,vuejs/v2.vuejs.org
960,phar-io/manifest
961,dbader/schedule
962,thoughtbot/dotfiles
963,shwenzhang/AndResGuard
964,mattingalls/Soundflower
965,thephpleague/omnipay
966,semver/semver
967,google/brotli
968,facebookresearch/pifuhd
969,chrisjenx/Calligraphy
970,programthink/books
971,dotnet/tye
972,inorganik/countUp.js
973,spolu/breach_core
974,square/javapoet
975,golang/tools
976,aheckmann/gm
977,karpathy/char-rnn
978,bendc/frontend-guidelines
979,JanVanRyswyck/awesome-talks
980,airbnb/hypernova
981,hashicorp/raft
982,kristoferjoseph/flexboxgrid
983,visionmedia/page.js
984,jquense/yup
985,sullo/nikto
986,NVlabs/stylegan2
987,google/googletest
988,asweigart/pyautogui
989,easychen/howto-make-more-money
990,tuupola/lazyload
991,jhu-ep-coursera/fullstack-course4
992,google-deepmind/deepmind-research
993,tayllan/awesome-algorithms
994,Dimillian/MovieSwiftUI
995,xoreaxeaxeax/movfuscator
996,allenwong/30DaysofSwift
997,Grouper/FlatUIKit
998,gaearon/overreacted.io
999,filamentgroup/loadCSS
1000,JakubOnderka/PHP-Console-Color
1001,leolin310148/ShortcutBadger
1002,trentm/node-bunyan
1003,flot/flot
1004,philipl/pifs
1005,karpathy/minGPT
1006,openalpr/openalpr
1007,josephmisiti/awesome-machine-learning
1008,doctrine/collections
1009,romannurik/AndroidAssetStudio
1010,Prinzhorn/skrollr
1011,offensive-security/exploitdb
1012,facebookresearch/detr
1013,maxogden/menubar
1014,openai/gpt-3
1015,sebastianbergmann/resource-operations
1016,shengxinjing/programmer-job-blacklist
1017,Workiva/go-datastructures
1018,apple/swift-corelibs-foundation
1019,SamyPesse/How-to-Make-a-Computer-Operating-System
1020,onevcat/VVDocumenter-Xcode
1021,jikexueyuanwiki/tensorflow-zh
1022,NARKOZ/hacker-scripts
1023,dhg/Skeleton
1024,restsharp/RestSharp
1025,amueller/introduction_to_ml_with_python
1026,beefproject/beef
1027,square/dagger
1028,apidoc/apidoc
1029,rethinkdb/rethinkdb
1030,karpathy/nn-zero-to-hero
1031,electerious/Lychee
1032,ruanyf/jstutorial
1033,ConnorAtherton/loaders.css
1034,taki0112/UGATIT
1035,datawhalechina/prompt-engineering-for-developers
1036,dthree/cash
1037,facebookresearch/fastText
1038,huggingface/candle
1039,avast/retdec
1040,google/glog
1041,WebAssembly/design
1042,mit-pdos/xv6-public
1043,jiaaro/pydub
1044,gotwarlost/istanbul
1045,gulpjs/gulp
1046,addyosmani/backbone-fundamentals
1047,hammerjs/hammer.js
1048,joelgrus/data-science-from-scratch
1049,octalmage/robotjs
1050,google/grafika
1051,rails-api/rails-api
1052,tkarras/progressive_growing_of_gans
1053,nvie/gitflow
1054,microsoft/DirectX-Graphics-Samples
1055,DevinVinson/WordPress-Plugin-Boilerplate
1056,auduno/clmtrackr
1057,aboul3la/Sublist3r
1058,omcljs/om
1059,soulmachine/leetcode
1060,rust-lang/mdBook
1061,square/maximum-awesome
1062,kahun/awesome-sysadmin
1063,raspberrypi/linux
1064,robbiehanson/XMPPFramework
1065,open-guides/og-aws
1066,michalsnik/aos
1067,applenob/Cpp_Primer_Practice
1068,huggingface/accelerate
1069,fxsjy/jieba
1070,nate-parrott/Flashlight
1071,hashicorp/serf
1072,google/gumbo-parser
1073,AutoMapper/AutoMapper
1074,ryanburgess/engineer-manager
1075,peng-zhihui/L-ink_Card
1076,adamian98/pulse
1077,tpope/vim-pathogen
1078,joshuaclayton/blueprint-css
1079,vdumoulin/conv_arithmetic
1080,eugenp/tutorials
1081,facebook/facebook-android-sdk
1082,jashkenas/underscore
1083,eriklindernoren/PyTorch-GAN
1084,symfony/thanks
1085,davezuko/react-redux-starter-kit
1086,pkmital/tensorflow_tutorials
1087,square/moshi
1088,wangzheng0822/algo
1089,idank/explainshell
1090,openai/evals
1091,lokesh/color-thief
1092,alexeygrigorev/mlbookcamp-code
1093,erikras/react-redux-universal-hot-example
1094,guillaumepotier/Parsley.js
1095,blasten/turn.js
1096,forkingdog/UITableView-FDTemplateLayoutCell
1097,GloriousEggroll/proton-ge-custom
1098,janl/mustache.js
1099,lhartikk/naivechain
1100,ejci/favico.js
1101,Vincit/objection.js
1102,andlabs/ui
1103,aws/aws-sdk-php
1104,petkaantonov/bluebird
1105,ichord/At.js
1106,JedWatson/classnames
1107,zijie0/HumanSystemOptimization
1108,b4winckler/macvim
1109,sshuttle/sshuttle
1110,aosp-mirror/platform_frameworks_base
1111,skeeto/endlessh
1112,Fyrd/caniuse
1113,JakeWharton/ActionBarSherlock
1114,gperftools/gperftools
1115,Vay-keen/Machine-learning-learning-notes
1116,alibaba/freeline
1117,guzzle/psr7
1118,spf13/spf13-vim
1119,spf13/afero
1120,facebookresearch/maskrcnn-benchmark
1121,golang-china/gopl-zh
1122,JakeWharton/hugo
1123,tjanczuk/edge
1124,RPCS3/rpcs3
1125,google/google-authenticator
1126,apiaryio/api-blueprint
1127,amueller/word_cloud
1128,alibaba/druid
1129,HubSpot/youmightnotneedjquery
1130,pjialin/py12306
1131,kubernetes/autoscaler
1132,sebastianbergmann/php-code-coverage
1133,zserge/lorca
1134,balderdashy/sails
1135,hongyangAndroid/okhttputils
1136,angular-app/angular-app
1137,formtastic/formtastic
1138,ossu/data-science
1139,tonsky/AnyBar
1140,filsv/iOSDeviceSupport
1141,spring-projects/spring-petclinic
1142,swisspol/GCDWebServer
1143,Matt-Esch/virtual-dom
1144,lucasr/twoway-view
1145,fossasia/visdom
1146,zardus/ctf-tools
1147,expressjs/multer
1148,google/cadvisor
1149,koush/AndroidAsync
1150,douglascrockford/JSON-js
1151,peng-zhihui/HelloWord-Keyboard
1152,zenorocha/alfred-workflows
1153,microsoft/winfile
1154,openai/spinningup
1155,longld/peda
1156,qyuhen/book
1157,Netflix/chaosmonkey
1158,google/traceur-compiler
1159,wyouflf/xUtils3
1160,facebookresearch/detectron2
1161,jquery-archive/jquery-mobile
1162,facebookresearch/ImageBind
1163,Netflix/falcor
1164,davidhalter/jedi-vim
1165,facebookarchive/KVOController
1166,purifycss/purifycss
1167,mutualmobile/MMDrawerController
1168,microsoft/WSL
1169,danielmiessler/SecLists
1170,postgres/postgres
1171,rstacruz/cheatsheets
1172,joelparkerhenderson/architecture-decision-record
1173,ibireme/YYText
1174,udacity/self-driving-car
1175,alibaba/ali-dbhub
1176,Haneke/HanekeSwift
1177,michaelvillar/dynamics.js
1178,jackfrued/Python-100-Days
1179,chenglou/react-motion
1180,phpspec/prophecy
1181,scottjehl/Respond
1182,joeycastillo/The-Open-Book
1183,chromium/chromium
1184,morhetz/gruvbox
1185,android-cn/android-open-project-analysis
1186,umdjs/umd
1187,rui314/mold
1188,cyrildiagne/ar-cutpaste
1189,openai/baselines
1190,wg/wrk
1191,n0shake/Public-APIs
1192,sebastianbergmann/comparator
1193,microsoft/vscode-go
1194,isaacs/rimraf
1195,openai/triton
1196,dennybritz/reinforcement-learning
1197,mission-peace/interview
1198,philipwalton/flexbugs
1199,zh-google-styleguide/zh-google-styleguide
1200,square/PonyDebugger
1201,ehazlett/shipyard
1202,google/seesaw
1203,grpc/grpc-java
1204,MysteryVaibhav/leetcode_company_wise_questions
1205,jezen/is-thirteen
1206,fchollet/deep-learning-with-python-notebooks
1207,kjw0612/awesome-rnn
1208,AFNetworking/AFNetworking
1209,guard/guard
1210,dennybritz/cnn-text-classification-tf
1211,github/copilot-docs
1212,boto/boto
1213,facebook/componentkit
1214,openresty/lua-nginx-module
1215,FredKSchott/snowpack
1216,vercel/ncc
1217,facebookexperimental/Recoil
1218,kleampa/not-paid
1219,rancher/os
1220,ryanb/cancan
1221,oldboyxx/jira_clone
1222,fex-team/ueditor
1223,liuwons/wxBot
1224,VundleVim/Vundle.vim
1225,facebook/zstd
1226,geekcompany/ResumeSample
1227,zendframework/zendframework
1228,codeguy/php-the-right-way
1229,googlearchive/code-prettify
1230,ankane/pghero
1231,gopherchina/conference
1232,k88hudson/git-flight-rules
1233,scottjehl/picturefill
1234,orangeduck/Cello
1235,jigish/slate
1236,fbsamples/f8app
1237,redguardtoo/mastering-emacs-in-one-year-guide
1238,nuysoft/Mock
1239,vishnubob/wait-for-it
1240,JoeDog/siege
1241,tpope/vim-commentary
1242,facebookresearch/DensePose
1243,Homebrew/legacy-homebrew
1244,PrismJS/prism
1245,jackc/pgx
1246,Qihoo360/RePlugin
1247,sindresorhus/pageres
1248,qrohlf/trianglify
1249,dzenbot/DZNEmptyDataSet
1250,alcatraz/Alcatraz
1251,facebookresearch/pytorch3d
1252,matthew-andrews/isomorphic-fetch
1253,unknwon/go-fundamental-programming
1254,microsoft/sql-server-samples
1255,mozilla/nunjucks
1256,MortimerGoro/MGSwipeTableCell
1258,egonSchiele/grokking_algorithms
1259,esp8266/Arduino
1260,MiCode/Xiaomi_Kernel_OpenSource
1261,mishoo/UglifyJS
1262,perwendel/spark
1263,gothinkster/realworld
1264,bmatzelle/gow
1265,angular/angular.js
1266,docker/machine
1267,mishoo/UglifyJS-old
1268,sqlcipher/sqlcipher
1269,ddollar/foreman
1270,alibaba/jvm-sandbox
1271,egoist/tsup
1272,jmechner/Prince-of-Persia-Apple-II
1273,peng-zhihui/PocketLCD
1274,terryma/vim-multiple-cursors
1275,petehunt/webpack-howto
1276,wangshub/Douyin-Bot
1277,kenwheeler/slick
1278,tj/co
1279,programthink/zhao
1280,flatiron/director
1281,996icu/996.ICU
1282,almende/vis
1283,JakubOnderka/PHP-Console-Highlighter
1284,corpnewt/gibMacOS
1285,Zizaco/entrust
1286,gabrielbull/react-desktop
1287,square/otto
1288,KaimingHe/deep-residual-networks
1289,jpochyla/psst
1290,fideloper/TrustedProxy
1291,coodict/javascript-in-one-pic
1292,tj/commander.js
1293,lambci/docker-lambda
1294,bitly/oauth2_proxy
1295,aikorea/awesome-rl
1296,bvaughn/react-window
1297,ben-manes/caffeine
1298,jgilfelt/SystemBarTint
1299,nytimes/objective-c-style-guide
1300,jbhuang0604/awesome-computer-vision
1301,TryGhost/node-sqlite3
1302,nostra13/Android-Universal-Image-Loader
1303,yeoman/generator-angular
1304,nanomsg/nanomsg
1305,attic-labs/noms
1306,sdc-alibaba/SUI-Mobile
1307,NUKnightLab/TimelineJS
1308,brendangregg/perf-tools
1309,jobbole/awesome-java-cn
1310,google/bbr
1311,zotero/zotero
1312,newren/git-filter-repo
1313,ruanyf/webpack-demos
1314,wuye9036/CppTemplateTutorial
1315,cameron314/concurrentqueue
1316,marcotcr/lime
1317,rxhanson/Rectangle
1318,pytorch/tutorials
1319,lgvalle/Material-Animations
1320,id-Software/Quake-III-Arena
1321,luruke/browser-2020
1322,google/gson
1323,sqreen/awesome-nodejs-projects
1324,miloyip/json-tutorial
1325,bojone/bert4keras
1326,facebookarchive/stetho
1327,google/grumpy
1328,ibireme/YYKit
1329,php-fig/fig-standards
1330,stefanpenner/es6-promise
1331,FormidableLabs/radium
1332,junit-team/junit4
1333,0nn0/terminal-mac-cheatsheet
1334,nicklockwood/SwiftFormat
1335,mps-youtube/yewtube
1336,kelseyhightower/nocode
1337,XVimProject/XVim
1338,jart/blink
1339,nasa/openmct
1340,russellsamora/scrollama
1341,google/battery-historian
1342,dtao/lazy.js
1343,angular-ui/bootstrap
1344,DmitryBaranovskiy/raphael
1345,larsenwork/monoid
1346,share/sharedb
1347,sferik/t
1348,davatron5000/FitText.js
1349,microsoft/ai-edu
1350,dangrossman/daterangepicker
1351,chrisbanes/cheesesquare
1352,jobbole/awesome-c-cn
1353,travis-ci/travis-ci
1354,fluentpython/example-code
1355,kamens/jQuery-menu-aim
1356,pcottle/learnGitBranching
1357,stubbornella/oocss
1358,Tencent/libco
1359,thoughtbot/laptop
1360,facebook/jscodeshift
1361,github/personal-website
1362,google/j2objc
1363,dm77/barcodescanner
1364,contribsys/faktory
1365,airbnb/mavericks
1366,atom-archive/xray
1367,CocoaPods/Specs
1368,nodejs/node-v0.x-archive
1369,CoreyMSchafer/code_snippets
1370,facebookresearch/Detectron
1371,emilsjolander/StickyListHeaders
1372,bilibili/ailab
1373,facebookresearch/mae
1374,ctrlpvim/ctrlp.vim
1375,Nevcairiel/LAVFilters
1376,antoniolg/androidmvp
1377,ruanyf/jstraining
1378,vikmeup/SCLAlertView-Swift
1379,eriklindernoren/PyTorch-YOLOv3
1380,fengdu78/Data-Science-Notes
1381,golang/groupcache
1382,adobe/brackets
1383,rollup/rollup
1384,pyenv/pyenv-virtualenv
1385,BoltsFramework/Bolts-ObjC
1386,taizilongxu/interview_python
1387,lhartikk/ArnoldC
1388,scrapinghub/portia
1389,microsoft/language-server-protocol
1390,hirak/prestissimo
1391,tj/n
1392,facebook/redex
1393,facebookresearch/AnimatedDrawings
1394,wesbos/JavaScript30
1395,keycastr/keycastr
1396,facebookresearch/nougat
1397,graphql/graphql-spec
1398,openai/DALL-E
1399,facebookresearch/pytext
1400,reek/anti-adblock-killer
1401,tictail/bounce.js
1402,rlabbe/Kalman-and-Bayesian-Filters-in-Python
1403,JedWatson/react-select
1404,philackm/ScrollableGraphView
1405,guzzle/promises
1406,dieulot/instantclick
1407,jayphelps/git-blame-someone-else
1408,facebook/react-devtools
1409,worldveil/dejavu
1410,brendangregg/FlameGraph
1411,robbiehanson/CocoaAsyncSocket
1412,sebastianbergmann/recursion-context
1413,skyline75489/what-happens-when-zh_CN
1414,AHAAAAAAA/PokemonGo-Map
1415,facebook/proxygen
1416,sebastianbergmann/php-text-template
1417,path/FastImageCache
1418,robertdavidgraham/masscan
1419,golang/mock
1420,koekeishiya/yabai
1421,facebookarchive/AsyncDisplayKit
1422,jakearchibald/svgomg
1423,vuejs/core
1424,tkipf/gcn
1425,arut/nginx-rtmp-module
1426,tpn/pdfs
1427,AGWA/git-crypt
1428,kpdecker/jsdiff
1429,Z3Prover/z3
1430,aksonov/react-native-router-flux
1431,dotnet/reactive
1432,phiresky/ripgrep-all
1433,alexazhou/VeryNginx
1434,balderdashy/waterline
1435,facebookresearch/ConvNeXt
1436,londonappbrewery/Flutter-Course-Resources
1437,houtianze/bypy
1438,fpereiro/backendlore
1439,cisco/ChezScheme
1440,arialdomartini/Back-End-Developer-Interview-Questions
1441,pjreddie/darknet
1442,vcr/vcr
1443,mgonto/restangular
1444,openai/whisper
1445,karpathy/neuraltalk
1446,baskerville/bspwm
1447,acaudwell/Gource
1448,ccgus/fmdb
1449,github/copilot.vim
1450,lib/pq
1451,zhiwehu/Python-programming-exercises
1452,briannesbitt/Carbon
1453,nst/iOS-Runtime-Headers
1454,fluent-ffmpeg/node-fluent-ffmpeg
1455,Droogans/unmaintainable-code
1456,fchollet/deep-learning-models
1457,doctrine/inflector
1458,chaozh/awesome-blockchain-cn
1459,desandro/imagesloaded
1460,freeCodeCamp/how-to-contribute-to-open-source
1461,doublespeakgames/adarkroom
1462,Shopify/liquid
1463,gcc-mirror/gcc
1464,microsoft/WSL2-Linux-Kernel
1465,facebookincubator/SocketRocket
1466,quartz-scheduler/quartz
1467,moment/moment
1468,rasbt/deeplearning-models
1469,Masterminds/squirrel
1470,TooTallNate/Java-WebSocket
1471,johnezang/JSONKit
1472,google/or-tools
1473,SnapKit/Masonry
1474,pentaho/pentaho-kettle
1475,dibgerge/ml-coursera-python-assignments
1476,electron/electron-api-demos
1477,yandexdataschool/nlp_course
1478,awslabs/git-secrets
1479,jtleek/datasharing
1480,jakiestfu/Snap.js
1481,kkuchta/css-only-chat
1482,jupyter/jupyter
1483,kolodny/immutability-helper
1484,HackerNews/API
1485,google/sanitizers
1486,vuejs/devtools
1487,eczarny/spectacle
1488,anishathalye/dotbot
1489,basecamp/handbook
1490,google/dagger
1491,rest-client/rest-client
1492,reactjs/react-transition-group
1493,Netflix/zuul
1494,transmission/transmission
1495,xiaolai/regular-investing-in-box
1496,felixrieseberg/windows95
1497,mailcheck/mailcheck
1498,facebookarchive/Shimmer
1499,uikit/uikit
1500,danielgindi/Charts
1501,framer/motion
1502,rmurphey/js-assessment
1503,facebookarchive/three20
1504,flyerhzm/bullet
1505,Compass/compass
1506,ProseMirror/prosemirror
1507,EnterpriseQualityCoding/FizzBuzzEnterpriseEdition
1508,maxwellito/vivus
1509,singwhatiwanna/dynamic-load-apk
1510,chenshuo/muduo
1511,mleibman/SlickGrid
1512,amlcurran/ShowcaseView
1513,michaeltyson/TPKeyboardAvoiding
1514,sahat/satellizer
1515,microsoft/pyright
1516,google/blockly
1517,facebookresearch/hydra
1518,eranyanay/1m-go-websockets
1519,marcuswestin/WebViewJavascriptBridge
1520,kanyun-inc/YTKNetwork
1521,yichengchen/clashX
