,Num days
EsotericSoftware/kryo,112.28456877240143
mochajs/mocha,31.356400308641977
ianstormtaylor/slate,17.7354516234985
juanfont/headscale,9.057536231884058
BVLC/caffe,98.72552973646725
nteract/nteract,26.631455128205133
casey/just,27.759157245908696
django-extensions/django-extensions,143.76867476851854
benhmoore/Knwl,9.051041666666666
leongersen/noUiSlider,44.39465104166667
sockeqwe/mosby,96.67640294312169
cryptomator/cryptomator,20.10269733796296
microsoft/winget-cli,22.544030092592592
sqshq/piggymetrics,12.170057870370371
realm/realm-swift,11.538001557713729
HelloZeroNet/ZeroNet,64.13283675044092
newren/git-filter-repo,98.63321443602693
dicebear/dicebear,103.21859375000001
ArthurHub/Android-Image-Cropper,43.63875634707288
StockSharp/StockSharp,37.891531320861674
eduardolundgren/tracking.js,255.72719212962963
libretro/RetroArch,41.627053594393004
apple/swift,54.77602888695987
phw/peek,60.240549074074075
Netflix/metaflow,14.654356794945988
petkaantonov/bluebird,17.591881451123253
obsproject/obs-studio,18.334936992473757
wekan/wekan,6.931350225970018
guardicore/monkey,112.10507073045268
insidegui/WWDC,32.998939686213994
apache/jmeter,164.40528604497356
Ralim/IronOS,47.20107510288066
gruns/icecream,254.68509259259258
sampotts/plyr,32.96775143678161
tabulapdf/tabula,95.6719474902534
jonas/tig,145.25835819615912
google-deepmind/lab,208.95208002645504
locomotivemtl/locomotive-scroll,137.27712239583335
emilk/egui,101.29993923611111
dandavison/delta,26.257693758573385
ruby/ruby,18.013941798941797
mikefarah/yq,21.785177584300715
rxhanson/Rectangle,20.4961536001462
go-pg/pg,126.56416956018518
Netflix/eureka,22.95192724188229
robertkrimen/otto,18.084189814814817
react-boilerplate/react-boilerplate,83.09224691358025
scottbez1/smartknob,40.681135912698416
nadbm/react-datasheet,188.78189814814814
ReactiveCocoa/ReactiveCocoa,36.44643984304427
louthy/language-ext,39.180101908310746
prolificinteractive/material-calendarview,65.27187444885361
apache/seatunnel,48.808258652998234
mojs/mojs,115.21104466735254
hubotio/hubot,120.38701836917562
mikf/gallery-dl,20.35805107263954
flike/kingshard,288.9326658950617
bulletphysics/bullet3,245.1183275462963
FredrikNoren/ungit,57.050732542438276
commitizen/cz-cli,38.550429826230335
curlconverter/curlconverter,34.95718140838206
Nevcairiel/LAVFilters,119.27290013227513
linnovate/mean,80.27837428774929
Wilfred/difftastic,17.06672634548611
twitter/twemproxy,751.9754166666667
akveo/ngx-admin,100.64552423747277
zalando/patroni,53.79881537208505
lmcinnes/umap,81.75432336182335
yarolegovich/DiscreteScrollView,0.0819212962962963
burnash/gspread,67.77833097127741
reactjs/react-rails,143.26540877525252
matryer/xbar,42.56533496732026
liriliri/eruda,32.22764949845679
grpc/grpc-web,85.99842592592593
mobile-shell/mosh,292.10483121141976
Genymobile/scrcpy,63.041208557347666
kubernetes/kops,13.749354575163396
SwiftKickMobile/SwiftMessages,58.95864609638047
chaijs/chai,90.47242372981957
balderdashy/sails,85.4685574751581
darktable-org/darktable,46.4437650462963
photonstorm/phaser,25.49241782407407
cloudflare/boringtun,31.124497685185187
rlabbe/Kalman-and-Bayesian-Filters-in-Python,0.19140046296296298
overtone/overtone,222.52627314814814
yzhao062/pyod,52.76018849206349
gohugoio/hugo,15.558035349151234
marcotcr/lime,77.82457448257081
sindresorhus/pageres,84.4628337191358
Swordfish90/cool-retro-term,370.0924636243387
WebGoat/WebGoat,321.5680367476852
maxgoedjen/secretive,64.5147429337232
gka/chroma.js,139.65969328703704
duplicati/duplicati,15.266305918927648
xtermjs/xterm.js,37.754100354030506
xtaci/kcptun,26.50283529741863
apache/skywalking,50.02588707010582
avajs/ava,29.554773443656426
marcosgriselli/ViewAnimator,113.77825547138048
casesandberg/react-color,146.09242529461278
graphql/graphql-js,20.27321876564064
ageitgey/face_recognition,354.1041666666667
Financial-Times/polyfill-service,36.043574974279835
basecamp/trix,69.26753968253968
krausest/js-framework-benchmark,30.946507066276805
bmatzelle/gow,328.0751678240741
weibocom/motan,113.52157357085345
sparkle-project/Sparkle,65.70295778867101
gin-gonic/gin,122.14482253086419
google/j2objc,69.01971278021443
jarun/nnn,59.655432989078825
sindresorhus/np,39.0838233965673
MichaelCade/90DaysOfDevOps,0.0
flask-admin/flask-admin,201.70149811921297
Automattic/node-canvas,88.01434238215488
marceloprates/prettymaps,125.49411747685186
miniMAC/magic,217.71605324074073
theskumar/python-dotenv,77.65605195473252
g-truc/glm,96.02905588624338
zylo117/Yet-Another-EfficientDet-Pytorch,85.33421296296297
aseprite/aseprite,37.067402391975314
systemjs/systemjs,17.55137599549031
infinitered/nsfwjs,107.88198350694444
google-deepmind/sonnet,202.85274305555558
tj/n,56.102267232510286
ranaroussi/yfinance,16.482750138197897
futurepress/epub.js,98.76288676697531
bxcodec/go-clean-arch,226.5811747685185
brannondorsey/wifi-cracking,5.051863425925926
trello/RxLifecycle,92.00175981040564
Semantic-Org/Semantic-UI,21.537602880658437
uber/baseweb,4.597430768762183
roots/sage,61.45669675925925
ivpusic/react-native-image-crop-picker,21.235634002057612
lucidrains/DALLE2-pytorch,1.5879858742148583
istio/istio,7.517280129688984
google/clusterfuzz,42.98200469771242
pagekit/pagekit,53.00161764705882
BabylonJS/Babylon.js,12.90530923344948
vanhauser-thc/thc-hydra,212.55834297839507
yanue/V2rayU,48.31395601851852
Kozea/WeasyPrint,43.74285174334491
buger/goreplay,71.3347499461671
onsi/ginkgo,36.697856837606835
yarnpkg/yarn,14.449187096072583
vercel/turbo,2.5507625050322065
kickstarter/android-oss,29.479969461178044
google/auto,41.99829309964726
hakimel/reveal.js,107.48179108796296
projectdiscovery/subfinder,44.555031828703704
Qihoo360/RePlugin,114.32661015795208
google-deepmind/alphafold,51.64619212962963
dimsemenov/Magnific-Popup,145.59170138888888
openwrt/openwrt,41.264346064814816
oblador/react-native-animatable,66.05699757996634
microsoft/vcpkg,38.622480413105414
jakiestfu/Snap.js,261.0475
SergioBenitez/Rocket,43.04629411250874
FaridSafi/react-native-gifted-chat,41.85105709876543
h2o/h2o,24.503563472893187
nylas/nylas-mail,9.004567530270656
GoogleCloudPlatform/terraformer,47.45354021990741
ibireme/YYText,33.133148148148145
jshint/jshint,67.57293627173091
JakeWharton/timber,2.8493518518518517
fmfn/BayesianOptimization,167.40096257716047
davecheney/httpstat,584.3119907407407
swagger-api/swagger-codegen,35.81447609599395
apex/up,16.42099838969404
facebookresearch/detectron2,69.67044624485597
expressjs/session,51.24454617446394
twitter/twemoji,52.44125347222222
Shopify/toxiproxy,125.9592324074074
tw93/Pake,13.254861593364199
sqlitebrowser/sqlitebrowser,102.04357445987655
moby/buildkit,18.3165811139748
unicorn-engine/unicorn,112.56143568840581
facebookresearch/xformers,34.731549189814814
ant-design/ant-design-mobile,9.939089933206107
fengyuanchen/cropperjs,42.84853553921568
okonet/lint-staged,12.729082303346926
bootandy/dust,49.29042976364522
skypjack/entt,60.56935185185185
localstack/localstack,38.204423789173795
joerick/pyinstrument,31.29375385802469
steipete/Aspects,0.36509953703703707
FreeRDP/FreeRDP,121.87819113756615
sindresorhus/Gifski,38.53428129451567
thephpleague/oauth2-server,48.84251112313612
libimobiledevice/libimobiledevice,1964.8395601851853
tensorflow/serving,26.279648846960168
facebookresearch/fairseq,99.6710100308642
fathyb/carbonyl,8.563935185185185
less/less.js,110.15470826525053
mbdavid/LiteDB,59.47567174145299
quantopian/zipline,149.56578703703704
google/accompanist,12.805078245563273
Homebrew/brew,7.776913708459215
expressjs/morgan,89.27756018518518
SubtitleEdit/subtitleedit,67.95575543091168
kubernetes/kubernetes,5.225972609253361
be5invis/Sarasa-Gothic,14.639062268518517
JessYanCoding/MVPArms,38.126966628086414
stanfordnlp/stanza,95.00950102880658
lucidrains/vit-pytorch,6.197290555032434
squizlabs/PHP_CodeSniffer,47.46881558641976
malcommac/SwiftDate,56.48878644602049
VirusTotal/yara,88.74458304398148
Mango/slideout,46.57404679232804
davemorrissey/subsampling-scale-image-view,58.06401967592592
garris/BackstopJS,32.7134079218107
primer/css,20.097673160173162
symfony/css-selector,12.130354319531797
segmentio/evergreen,9.659734993614304
jackocnr/intl-tel-input,38.47671532755874
git-ftp/git-ftp,120.18379006410258
RetroPie/RetroPie-Setup,98.39127053464755
nate-parrott/Flashlight,4.011054526748971
jacomyal/sigma.js,166.8556238425926
JakubOnderka/PHP-Console-Color,1635.099201388889
deployphp/deployer,23.522212548369264
BishopFox/sliver,19.256302676875595
CreateJS/EaselJS,201.60724768518517
mikebrady/shairport-sync,23.873414926451275
phpspec/prophecy,92.33761188271605
CanCanCommunity/cancancan,306.98983506944444
dotnet/tye,67.66450810185185
oracle/graal,42.45967107228196
ggerganov/kbd-audio,6.787013888888889
Byron/gitoxide,0.8919962895918022
romkatv/powerlevel10k,40.44491300776583
Polymer/polymer,21.79033260233918
niklasvh/html2canvas,86.13582123316498
github/markup,112.05146219135804
jdan/98.css,84.45386188271605
soimort/translate-shell,234.95312355324074
openshift/origin,20.845414870689655
ElemeFE/mint-ui,23.509653935185185
nukeop/nuclear,39.36474100637523
openzipkin/zipkin,36.08605910928534
facebook/redex,192.206875
cazala/synaptic,55.46336111111111
drakkan/sftpgo,34.42580820912376
traefik/yaegi,21.600328367682195
mahmoud/boltons,102.20646926440328
AutoMapper/AutoMapper,85.77164641203704
pinterest/ktlint,29.1701720505618
mcollina/autocannon,27.604334908361967
lucidrains/PaLM-rlhf-pytorch,1.6404328363289762
notepad-plus-plus/notepad-plus-plus,30.100491782407413
sockjs/sockjs-client,164.1491550925926
shirou/gopsutil,35.58485146604938
rui314/mold,24.937169312169313
Dman95/SASM,108.54952777777777
uNetworking/uWebSockets.js,20.23336070261438
ant-design/ant-design-landing,103.77044560185186
hexojs/hexo,35.02924136231139
Automattic/wp-calypso,36.56780318428184
yarnpkg/berry,58.05993500712251
StevenBlack/hosts,3.5076584238612543
moxiecode/plupload,143.98458101851853
App-vNext/Polly,62.215222281576445
bumptech/glide,80.45203326288245
JamesNK/Newtonsoft.Json,88.40363190827547
dstotijn/hetty,49.79890151515152
twpayne/chezmoi,9.858159850823045
elastic/elasticsearch-js,25.266476990049753
ideawu/ssdb,119.61137152777779
microsoft/reverse-proxy,49.123657407407414
Swinject/Swinject,74.56469646990742
tastejs/todomvc,529.5928182870371
nicklockwood/SwiftFormat,13.184862702546296
kyleneideck/BackgroundMusic,43.47659694664903
expressjs/body-parser,46.59972685185185
dwarvesf/hidden,119.34035751028806
HubSpot/offline,60.88881207912457
jhy/jsoup,130.56543981481482
robolectric/robolectric,39.298507691158896
Uberi/speech_recognition,114.58766782407407
CopyTranslator/CopyTranslator,47.91762924382716
mozilla/geckodriver,69.4240771053792
akveo/eva-icons,81.32767746913579
docker/docker-py,37.97481216532798
deepstreamIO/deepstream.io,26.659713418012032
scenee/FloatingPanel,35.52166757443718
handsontable/handsontable,20.063217880504883
lampepfl/dotty,21.59105618885395
thu-ml/tianshou,41.15589476495726
iissnan/hexo-theme-next,63.08086533224401
jaredpalmer/razzle,9.345784648736037
spyder-ide/spyder,34.78125352254428
Netflix/conductor,7.836568341803949
telegramdesktop/tdesktop,5.281992872807018
googlesamples/easypermissions,49.56291245791246
microsoft/windows-rs,22.27636414431673
encode/django-rest-framework,113.24885344328703
harvesthq/chosen,60.93360199214366
hashicorp/packer,36.01951664462081
electerious/Lychee,35.72634123093682
tc39/ecma262,135.08588514109348
vuejs/vue,13.354529779523377
jaredreich/pell,46.67507365319866
reactjs/react-modal,341.1762037037037
zalmoxisus/redux-devtools-extension,15.01530517463666
hibiken/asynq,36.82277488425926
kataras/iris,89.37648148148149
codecentric/spring-boot-admin,29.7461341540404
lucidrains/denoising-diffusion-pytorch,6.0183237398494756
confluentinc/librdkafka,78.88603086419754
spatie/laravel-permission,16.327749687890137
gajus/react-css-modules,44.69177083333333
pacocoursey/cmdk,51.11796006944444
clappr/clappr,31.471157407407407
vapor/vapor,5.453475578018847
panjf2000/gnet,120.54583101851853
JosefNemec/Playnite,17.996802286542266
alshedivat/al-folio,132.3638755787037
microsoft/WSL,15.04501494984568
jasonmayes/Real-Time-Person-Removal,3.007986111111111
macvim-dev/macvim,66.95115465167548
google/zx,13.651610217673813
chartjs/Chart.js,34.27226234567902
Sanster/lama-cleaner,11.527978395061728
daltoniam/Starscream,443.88153645833336
microsoft/LightGBM,83.273246114418
nasa/openmct,48.033030012771384
restic/restic,78.40319913663663
yandex/gixy,64.7028978587963
JessYanCoding/AndroidAutoSize,44.081948005698
bloc97/Anime4K,50.632112654320984
flot/flot,194.22937789351852
go-sql-driver/mysql,247.08827160493829
timolins/react-hot-toast,71.7340412808642
es-shims/es5-shim,51.857409829888034
jdorn/json-editor,20.751605324074074
yuin/gopher-lua,19.900358796296295
ReactiveX/RxKotlin,72.68756404320987
yahoo/CMAK,197.9161863425926
real-logic/aeron,28.539198082010582
metabase/metabase,7.636910596837391
valeriansaliou/sonic,60.415799039780524
pyinstaller/pyinstaller,117.45305720899472
google/glog,322.71883680555555
samber/lo,8.339305807165863
apple/turicreate,35.37602490421455
dotansimha/graphql-yoga,6.31385509122288
palantir/blueprint,21.50664678030303
evanw/esbuild,3.9128457917186847
jedisct1/dsvpn,33.32749131944444
thoughtbot/laptop,198.73919560185186
daimajia/AndroidImageSlider,6.041414930555555
Clipy/Clipy,66.5069129372428
jonls/redshift,334.44554166666666
firebase/flutterfire,0.020488425925925927
ustbhuangyi/better-scroll,34.65851738934056
ogham/exa,203.81613215488213
aFarkas/lazysizes,25.083955747635937
microsoft/terminal,23.417009186921295
syntaxhighlighter/syntaxhighlighter,769.3898842592592
oblador/react-native-vector-icons,45.83019476996528
yairm210/Unciv,2.304101192616565
symfony/routing,10.367027154558405
qgis/QGIS,14.742374614197532
Kong/insomnia,6.11715165965574
adobe/react-spectrum,47.858396990740744
confluentinc/ksql,103.98140873015872
UKPLab/sentence-transformers,34.43523708183991
cookiecutter/cookiecutter-django,11.202977007113821
tj/commander.js,43.33494878868595
rougier/numpy-100,40.63515046296296
NanoHttpd/nanohttpd,135.75900462962963
socketio/socket.io,42.94944344667943
laravel/tinker,96.75371435185185
meienberger/runtipi,6.304641909439929
uikit/uikit,12.817380321687667
paperjs/paper.js,71.32530671296296
donnemartin/saws,80.81225198412699
pytorch/pytorch,57.71356018518518
major/MySQLTuner-perl,348.6354293981481
benfred/py-spy,60.609998172514615
asciinema/asciinema,222.99390873015872
microsoft/LoRA,0.0
JedWatson/react-select,36.8638650730057
localForage/localForage,108.35507453703703
paulmillr/chokidar,82.62335648148148
fsnotify/fsnotify,114.6090731837607
SeleniumHQ/docker-selenium,9.421239109266093
mozilla/nunjucks,98.79349338624338
evilsocket/pwnagotchi,27.857841435185183
mailpile/Mailpile,259.5070205026455
sharkdp/hexyl,123.03104828042326
lostisland/faraday,48.23556752420034
apache/thrift,143.20190586419753
tgalal/yowsup,170.40978703703703
facebook/yoga,115.87230601851853
pytorch/vision,73.59683653322439
gaearon/react-hot-loader,14.416746137060628
cmusatyalab/openface,45.08221064814814
stubbornella/oocss,238.58717592592595
vercel/styled-jsx,20.563067235813797
google/guetzli,37.76119791666667
syl20bnr/spacemacs,7.535551795824488
mqttjs/MQTT.js,25.7470149265645
direnv/direnv,61.008959348602986
pre-commit/pre-commit,21.86054988425926
ntop/n2n,330.50409432870373
ionic-team/ionic-framework,4.720072107237957
pallets/jinja,101.99316044560186
kivy/kivy,342.40059375000004
Genymobile/gnirehtet,208.41959385521886
jantimon/html-webpack-plugin,362.7956423611111
dompdf/dompdf,128.3097200788752
socketio/socket.io-client,44.48322916666667
elastic/eui,10.354894364542208
Sigil-Ebook/Sigil,63.74666122004357
ReactiveX/RxSwift,41.186952595200836
charliermarsh/ruff,1.471638009088424
addyosmani/critical,50.11041563018242
lucidrains/imagen-pytorch,1.4635648487563808
orhanobut/logger,73.25220138888889
MichMich/MagicMirror,67.45747337962963
octalmage/robotjs,58.31661826599327
facebook/pyre-check,128.6116712962963
huggingface/peft,48.24837384259259
kovidgoyal/calibre,11.795701709022852
webpack/webpack,6.293959192794279
arachnys/cabot,10.47912533068783
nasa/fprime,71.84005908869396
fabiospampinato/cash,56.87421022727273
ericchiang/pup,48.383528439153444
mac-cain13/R.swift,29.310603869351002
codelucas/newspaper,65.78055555555555
dail8859/NotepadNext,51.295625
bcicen/ctop,122.76047145061727
redis/hiredis,214.15576003086423
ianyh/Amethyst,35.91731867283951
seemoo-lab/openhaystack,55.62600694444444
mobxjs/mobx-state-tree,103.31085648148148
kif-framework/KIF,66.22970890111809
httpie/http-prompt,104.88524811921296
iampawan/Flutter-UI-Kit,1.5806597222222223
libgdx/libgdx,423.10359053497945
cs01/gdbgui,88.55824797453704
lokesh/color-thief,442.084537037037
boto/boto3,11.458403668091167
uutils/coreutils,65.14117263645224
jenssegers/laravel-mongodb,30.025644854712436
karma-runner/karma,20.962789013428633
keystonejs/keystone-classic,77.79400694444445
1adrianb/face-alignment,147.46036940586418
google/libphonenumber,17.631507805442638
graphql/graphiql,3.6986024341769803
zeromq/libzmq,211.0686332947531
phiresky/ripgrep-all,384.0724035493827
amark/gun,96.49519892939816
sebastianruder/NLP-progress,31.53741898148148
sindresorhus/query-string,47.067990244708994
joeldev/JLRoutes,142.68777899610137
ant-design/ant-design-pro,68.07626064814815
microsoft/GSL,228.02953125
coturn/coturn,62.48220758442266
hyperium/hyper,18.690196828982597
SpiderLabs/ModSecurity,134.9256824252137
huggingface/text-generation-inference,9.869059124228395
mishoo/UglifyJS,7.536188201203028
labstack/echo,31.146016550925925
tiangolo/full-stack-fastapi-postgresql,80.9754398148148
FiloSottile/age,84.24485220797722
TTTAttributedLabel/TTTAttributedLabel,101.21505787037036
davidmerfield/randomColor,148.97698456790124
google/material-design-lite,41.07921385327635
networkx/networkx,63.21481072984749
bigbluebutton/bigbluebutton,9.256219173441734
symless/synergy-core,13.373158775914279
guard/guard,31.420386666666662
infinitered/ignite,14.203170572916667
dmlc/gluon-cv,115.19710905349795
Countly/countly-server,43.17257449978714
artilleryio/artillery,38.06421157407407
antonioru/beautiful-react-hooks,20.142505787037038
janl/mustache.js,148.69029012345678
kenwheeler/slick,26.98667208431836
gorilla/websocket,296.62753637566135
vueuse/vueuse,5.189309106691919
sindresorhus/type-fest,14.385759099616857
infinitered/reactotron,8.639730305702528
google/latexify_py,208.92649594907405
dotnet/wpf,13.471619663556687
joewalnes/websocketd,407.0968113425926
egulias/EmailValidator,57.2636970338983
binux/pyspider,125.12122010030863
alexfoxy/lax.js,43.62518441358025
maurosoria/dirsearch,199.9935478395062
utom/sketch-measure,53.56655709876543
vercel/pkg,53.41381163194445
alicevision/Meshroom,296.9963425925926
webdriverio/webdriverio,9.670993350935571
XAMPPRocky/tokei,55.03404491631054
Ramotion/animated-tab-bar,25.893310185185186
leecade/react-native-swiper,67.70782870370371
daybrush/moveable,10.993938266053824
greenrobot/greenDAO,232.40388723544973
alievk/avatarify-python,66.75767361111112
vladikoff/chromeos-apk,14.066435185185185
MrS0m30n3/youtube-dl-gui,419.95188078703706
pubkey/rxdb,6.134139929908959
facebook/watchman,7.830054804390483
kanyun-inc/YTKNetwork,221.53715856481483
aceld/zinx,10.002845293209877
tqdm/tqdm,23.248713207618184
FiloSottile/mkcert,107.11876602564102
astrit/css.gg,183.3798296957672
walkor/workerman,22.981562668964585
tinode/chat,28.569369133688483
thoughtbot/bourbon,73.42485961076817
graphql/graphql-spec,443.24730092592586
i18next/i18next,5.608043529369213
DLR-RM/stable-baselines3,58.61692129629629
jpush/aurora-imui,15.013934902890696
mapbox/pixelmatch,158.9947584876543
Eugeny/tabby,12.860228360382855
rofl0r/proxychains-ng,216.10080512152777
Ryochan7/DS4Windows,9.943683063271605
icsharpcode/ILSpy,49.50213507625272
square/picasso,440.76019097222223
Konloch/bytecode-viewer,47.92764843242366
hapijs/hapi,275.4074797453704
IdreesInc/Monocraft,23.98519290123457
sparksuite/simplemde-markdown-editor,12.34402378671775
ziglang/zig,151.15932787698412
openai/tiktoken,36.763696759259254
KhronosGroup/glTF,553.6887152777778
microsoft/WinObjC,19.370636091820987
JetBrains/JetBrainsMono,72.6146836419753
thoughtbot/factory_bot,108.40785198801741
google/leveldb,162.60134722222224
vercel/swr,13.089277947672443
tporadowski/redis,154.8440613425926
flutter/gallery,127.47730902777778
grpc/grpc-java,20.432797484984984
contribsys/faktory,69.27086004273504
shwenzhang/AndResGuard,248.46277777777777
fullcalendar/fullcalendar,34.38793436819172
CISOfy/lynis,57.01585607537362
facebook/litho,41.73182484567901
mapbox/mapbox-gl-js,14.567635737532086
symfony/http-kernel,5.989837911522634
QingdaoU/OnlineJudge,111.02559953703705
binwiederhier/ntfy,7.985336066488176
vim-airline/vim-airline,230.58036921296295
yabwe/medium-editor,10.652022334834834
dmlc/xgboost,66.4555795940171
fish-shell/fish-shell,103.97230476364523
txthinking/brook,44.35500998547567
thoughtbot/dotfiles,20.941944444444445
lodash/lodash,342.0813773148148
marmelab/gremlins.js,1364.832523148148
ChrisRM/material-theme-jetbrains,25.001840277777777
bartobri/no-more-secrets,419.7191493055555
MacPass/MacPass,95.2710016835017
ReactiveX/RxJava,15.833655810983396
reek/anti-adblock-killer,6.21799575617284
microsoft/pyright,4.048308580021628
benawad/dogehouse,1.0825384259259259
colinhacks/zod,16.38575765669516
NVIDIA/Megatron-LM,384.7125491898148
haltu/muuri,76.19983738425925
monero-project/monero,58.99706404320987
hmemcpy/milewski-ctfp-pdf,38.93691458333333
facebook/create-react-app,25.489542259485095
spacejam/sled,49.980718143738976
andreamazz/AMScrollingNavbar,41.518430555555554
golang/tools,21.71325139623751
paragonie/random_compat,40.263746527777776
easymotion/vim-easymotion,2.432476851851852
kubernetes/minikube,18.550856399973917
mitmproxy/mitmproxy,73.71071828703704
reorx/httpstat,374.510240162037
ashleymills/Reachability.swift,136.39247023809523
ahmetb/kubectx,114.56565625
mapstruct/mapstruct,100.21927940672153
google/python-fire,253.94802372685186
numba/numba,73.09666253306878
clauderic/dnd-kit,8.948605922733078
spf13/viper,82.17310940016104
bitcoin/bitcoin,71.97696456128747
mrmrs/colors,221.05467592592592
feathersjs/feathers,45.12595713197374
ElemeFE/v-charts,6.202161208276177
akveo/kittenTricks,159.5036188271605
restify/node-restify,274.23003577441074
ds300/patch-package,66.09148871527778
pallets/click,73.88792415577342
htr-tech/zphisher,125.38370241769546
kaorun343/vue-property-decorator,66.91094367283951
hibernate/hibernate-orm,208.448649691358
tobiasahlin/SpinKit,195.3407175925926
microsoft/SandDance,478.5181539351852
wolfpld/tracy,79.20255125661375
Haneke/HanekeSwift,753.4271643518518
SirVer/ultisnips,1026.974386574074
pagekit/vue-resource,42.538705261752135
microsoft/napajs,22.23895477207977
zenorocha/clipboard.js,58.798715277777774
openai/gym,115.08542438271604
google/blockly,30.57374924104432
Famous/famous,36.472636959876546
adamwdraper/Numeral-js,144.56913708847736
Yalantis/Side-Menu.Android,1479.1191203703704
ionic-team/stencil,11.991287365121027
apache/brpc,177.57773989898988
GoogleCloudPlatform/microservices-demo,43.09579124579125
picturepan2/spectre,38.94475189933523
harelba/q,146.98616228070173
krisk/Fuse,113.69512865028491
rastapasta/mapscii,146.88450066137565
99designs/gqlgen,24.153336082175926
akiran/react-slick,67.23563835470085
ruby-concurrency/concurrent-ruby,64.88477638888888
ggerganov/whisper.cpp,22.323022762345683
nlohmann/json,61.280112433862435
overleaf/overleaf,63.636369598765434
danialfarid/ng-file-upload,5.359972545219638
OnsenUI/OnsenUI,44.2156922638218
appleboy/gorush,74.72726817810458
Maximus5/ConEmu,13.41693409792368
aksakalli/gtop,198.13046296296295
greatscottgadgets/hackrf,458.1617611882716
google/gops,83.27268652065527
jaredpalmer/formik,11.819770977259644
jesseduffield/lazydocker,42.58045920920921
XVimProject/XVim,10.138987268518518
chrisjenx/Calligraphy,156.45686342592592
Tonejs/Tone.js,153.3308978174603
browserify/browserify,124.45038105413107
spf13/cobra,104.58831505847952
gildas-lormeau/SingleFile,26.783361625514402
huggingface/tokenizers,17.753373183309893
joke2k/faker,16.50252013120941
django-oscar/django-oscar,310.9953310185185
pypa/pipenv,20.93717793880837
ptomasroos/react-native-scrollable-tab-view,353.13417824074077
coteditor/CotEditor,22.825870878500453
share/sharedb,27.879127348856205
Unity-Technologies/ml-agents,36.86450771604938
aws/aws-sam-cli,12.303739443426943
airbnb/knowledge-repo,73.09292607060185
mps-youtube/yewtube,105.67232603815937
yhirose/cpp-httplib,14.996393995098039
davisking/dlib,116.06141944444444
luin/medis,101.39387442129629
YiiGuxing/TranslationPlugin,35.46771327160494
agalwood/Motrix,79.08944039351853
PyGithub/PyGithub,48.75156475835592
morhetz/gruvbox,506.38028549382716
hilongjw/vue-lazyload,85.56940850389863
mawww/kakoune,129.5831550925926
microsoft/unilm,15.631290509259259
cookiecutter/cookiecutter,142.3073161502849
zo0r/react-native-push-notification,34.294215345860565
zulip/zulip,32.00352907509158
jonobr1/two.js,137.21471643518518
egoist/tsup,6.409728197966988
redis/ioredis,17.87541519077803
chriskiehl/Gooey,107.52179976851852
reactide/reactide,0.0
guzzle/promises,270.4580659722222
jnunemaker/httparty,0.13218749999999999
aws/aws-sdk-go,1.8234960006760204
wix/Detox,8.053446236559141
NVIDIA/NeMo,32.854689922480624
php-pm/php-pm,76.41660648148148
bytedeco/javacv,168.48930169753086
Blankj/AndroidUtilCode,19.397937819284802
Mantle/Mantle,103.10647213319088
clsid2/mpc-hc,32.2086719747765
mongodb/mongo-go-driver,19.569866784676833
lingochamp/FileDownloader,14.91744972511574
laravel/laravel,16.003782898909183
google/ExoPlayer,40.252931241426616
angular/angular,3.5769070934104454
RaRe-Technologies/gensim,67.80587632275133
peco/peco,67.96344341016548
s3fs-fuse/s3fs-fuse,185.43411854288502
openzfs/zfs,41.36577060931899
weaveworks/scope,37.522008406432754
ldcsaa/HP-Socket,89.40965172558923
akveo/nebular,35.09409255525687
flightjs/flight,72.97123263888889
tariqbuilds/linux-dash,351.16603009259256
openpgpjs/openpgpjs,31.36990822681088
redis/jedis,41.69046559343434
microsoft/DeepSpeed,22.125253389550267
USArmyResearchLab/Dshell,458.4564814814815
BradLarson/GPUImage,159.77152199074075
gentilkiwi/mimikatz,43.96762615740741
kubeedge/kubeedge,34.18035972222222
symfony/http-foundation,7.364554809249139
qor/qor,667.9528356481482
vrana/adminer,90.37605902777779
metafizzy/isotope,119.65379147376545
DrKLO/Telegram,16.803261888431642
davidjbradshaw/iframe-resizer,75.51829684983896
winstonjs/winston,63.340241837231964
uber/react-vis,19.57435624201788
norvig/paip-lisp,178.4815451388889
getpelican/pelican,113.15685506687242
timber/timber,26.112466919490416
Automattic/kue,56.83525977366255
slimphp/Slim,62.04032721280603
dgtlmoon/changedetection.io,14.000126818783068
kitao/pyxel,9.417742865816637
sghall/react-move,40.47749338624339
matze/mtheme,207.94200810185183
donnemartin/gitsome,265.84044849537037
crimx/ext-saladict,19.851721724645206
jemalloc/jemalloc,100.17460148358587
vuejs/pinia,13.574675202546295
bower/bower,66.9887596971972
evant/gradle-retrolambda,35.43906571502058
graphql/dataloader,300.9911535493827
jhen0409/react-native-debugger,27.853366085500394
webpack/webpack-dev-server,19.85693185185185
hrydgard/ppsspp,60.9815803062678
sveinbjornt/Sloth,115.54041280864197
mozilla/pdf.js,63.311558291245795
bvaughn/react-window,30.583524305555557
tiangolo/fastapi,10.530615308456047
lets-blade/blade,200.78582899305556
felixrieseberg/windows95,115.94124465811966
dotansimha/graphql-code-generator,1.2276696467396444
facebook/infer,75.50665922619048
google/go-cloud,56.51303731762064
Bash-it/bash-it,64.87303144290124
primefaces/primeng,12.11028436302682
DATA-DOG/go-sqlmock,132.2678481867284
zerotier/ZeroTierOne,66.51684468694886
jwagner/smartcrop.js,375.5763240740741
vcr/vcr,562.1221412037037
sahat/satellizer,13.761255144032923
facebook/hermes,53.95549603174604
toml-lang/toml,357.11061197916666
JakeWharton/RxBinding,66.9589313271605
naptha/tesseract.js,53.166134018132716
serde-rs/serde,11.042294808201058
gskinner/regexr,28.109062499999997
facebook/sapling,11.136356889978211
zloirock/core-js,13.789645600841014
Rigellute/spotify-tui,23.155072804659497
redis/node-redis,25.384775901979566
qinyuhang/ShadowsocksX-NG-R,53.49968364197531
doublespeakgames/adarkroom,1209.3569560185185
zadam/trilium,7.654609500805152
websockets/ws,30.99955564633261
airyland/vux,25.28425017580872
kartik-v/bootstrap-fileinput,34.617367093216814
mailhog/MailHog,104.76873421717171
microsoft/microsoft-ui-xaml,21.127351020892686
fastai/fastai,19.586079041280865
drwetter/testssl.sh,122.3601345486111
witheve/Eve,13.078350694444445
rappasoft/laravel-boilerplate,33.82704683048433
AutoHotkey/AutoHotkey,36.85950520833333
cmdr2/stable-diffusion-ui,24.556814814814814
gitbucket/gitbucket,32.8947670319402
fkhadra/react-toastify,20.602015710733884
apache/airflow,42.38608234126984
ACRA/acra,40.729294889251996
seemoo-lab/opendrop,100.5440462962963
schollz/croc,14.985504263256061
llvm/llvm-project,17.970212530525032
shadowsocks/shadowsocks-libev,29.306548579829833
the-control-group/voyager,45.192613069800565
apache/pulsar,36.169626157407414
nats-io/nats-server,37.9240555046805
timqian/chart.xkcd,11.121059027777777
dropwizard/metrics,32.83456591813776
wojtekmaj/react-pdf,18.797621700525152
snapappointments/bootstrap-select,42.94937327952953
wagoodman/dive,71.85550395447531
systemd/systemd,43.56113425925926
erincatto/box2d,82.75403935185186
amoffat/sh,30.20194637345679
c3js/c3,24.9920167512943
mysticatea/npm-run-all,26.83084652777778
dangrossman/daterangepicker,38.03517683667274
cisco/ChezScheme,380.58185515873015
defunkt/jquery-pjax,154.46527430555554
AlessandroZ/LaZagne,147.00526193957114
ShiqiYu/libfacedetection,273.54976851851853
nhn/tui.calendar,17.511001649921198
jedisct1/libsodium,121.4482201244213
ipfs/ipfs-desktop,35.56920497134039
ben-manes/caffeine,45.67422108208955
hashicorp/vault,9.56319276094276
microsoft/nni,46.89714209401709
google/guice,328.22641139403294
CocoaPods/CocoaPods,24.065988425925923
mailcheck/mailcheck,712.1883796296296
apache/tvm,152.74175480769233
openresty/openresty,197.96299857549857
olivere/elastic,60.61281624455338
esp8266/Arduino,74.45476980452675
Eonasdan/tempus-dominus,66.72603093434343
lucasg/Dependencies,196.1408854166667
pixijs/pixijs,17.297286744980962
bvaughn/react-error-boundary,39.8994324845679
facebookresearch/nougat,0.0
mozilla/DeepSpeech,10.776430844907408
jquery/sizzle,787.5319646990741
aws/aws-sdk-php,2.037806853314115
MetaMask/metamask-extension,7.961276344476744
ocornut/imgui,37.626740977483166
a1studmuffin/SpaceshipGenerator,498.964486882716
lokesh/lightbox2,248.0206394675926
maxwellito/vivus,167.67690641534392
puppeteer/puppeteer,7.181565328391092
google/error-prone,67.1563440860215
ecomfe/vue-echarts,22.60987185846561
nodejs/node,6.23480784443407
quilljs/quill,24.08764531893004
veler/DevToys,22.823330539591314
airbnb/visx,25.176222865226336
basscss/basscss,37.598268518518516
leeoniya/uPlot,23.04951843584656
angular-ui/ui-grid,40.02839784456588
smacke/ffsubsync,113.85481738683127
wez/wezterm,34.04867515432098
GloriousEggroll/proton-ge-custom,11.061395927177179
vavr-io/vavr,128.7243171296296
xmartlabs/XLPagerTabStrip,207.0563955026455
klaudiosinani/signale,47.80583526234568
Dogfalo/materialize,35.12940219907407
hacksalot/HackMyResume,21.478441261574073
erlang/otp,10.52347412109375
hwchase17/langchainjs,1.556141504817826
nolimits4web/swiper,13.22541754018169
eternnoir/pyTelegramBotAPI,49.26630066029144
dotnet/reactive,70.91258545114263
microsoft/AirSim,61.380585887611744
tensorflow/tfjs-models,40.573125
doctrine/inflector,172.20320730452679
spring-projects/spring-boot,13.951981126792115
firebase/php-jwt,144.53473480273752
docker/docker-bench-security,268.5454938271605
facebookresearch/faiss,134.08506200396826
rbenv/rbenv,369.8996747685185
twitter/finagle,36.93516689529035
felangel/bloc,3.7511234485815605
elastic/elasticsearch,12.6849364359319
spotify/luigi,56.76388000165344
Kotlin/kotlinx.coroutines,26.131203576516082
reduxjs/redux-thunk,174.48978622004358
angular/angularfire,25.98352558479532
glfw/glfw,184.81300604423868
microsoft/CNTK,38.20264448924731
skeeto/endlessh,35.79083333333333
go-martini/martini,82.78568287037037
junegunn/vim-plug,550.7485648148148
cloudflare/cloudflared,8.891581018518519
RPCS3/rpcs3,120.83567901234568
mamedev/mame,41.76834364935588
google/guava,64.05022482638888
derailed/k9s,8.018864308896525
mwaskom/seaborn,104.91036560457518
textmate/textmate,15.515306383131836
tzapu/WiFiManager,290.01813271604937
Tyrrrz/DiscordChatExporter,30.116616460210214
borgbackup/borg,31.61768983997585
ponylang/ponyc,22.793394147985705
scottjehl/Respond,163.79655671296297
coryhouse/react-slingshot,50.569522569444445
google/mediapipe,32.456385754243826
fantasyland/fantasy-land,117.56540996588693
vercel/hyper,28.406367204129413
vuejs/vuepress,68.49118441358024
reduxjs/reselect,72.10489434947769
HangfireIO/Hangfire,25.254375656685056
ServiceStack/ServiceStack,54.01887169798476
CMU-Perceptual-Computing-Lab/openpose,93.04643353174605
influxdata/telegraf,14.115096403568202
Hammerspoon/hammerspoon,31.018459946689116
deezer/spleeter,675.8631018518519
mattingalls/Soundflower,0.0
VerbalExpressions/JSVerbalExpressions,394.89703009259256
rails/rails,16.562330499307716
draios/sysdig,40.7187572167756
Z3Prover/z3,110.68352843915342
lukeed/clsx,205.7743330439815
cytoscape/cytoscape.js,15.772286044973546
doctrine/lexer,322.62278420781894
CachetHQ/Cachet,28.053931035988814
mikepenz/Android-Iconics,24.276444230469966
PhilJay/MPAndroidChart,40.75624892334195
SpartnerNL/Laravel-Excel,25.83529838775179
appium/appium,4.408303819444445
activerecord-hackery/ransack,90.9337397875817
mvdan/sh,54.7079609053498
apache/doris,65.10949223416965
ramda/ramda,122.97403677983539
PrismJS/prism,66.22735561342593
nccgroup/ScoutSuite,51.546086209315376
apereo/cas,22.716490667254558
FelisCatus/SwitchyOmega,28.720211111111112
ajv-validator/ajv,17.699261262464386
nvbn/thefuck,108.00126085069445
Kaggle/kaggle-api,5.963279320987653
spring-projects/spring-framework,20.155995630461923
kolodny/immutability-helper,53.789231321839075
doctrine/instantiator,235.4661582977208
react-toolbox/react-toolbox,46.215570987654324
apiaryio/api-blueprint,51.68012731481482
google/ios-webkit-debug-proxy,216.8568456196581
mortenjust/androidtool-mac,28.484806857638887
tomnomnom/gron,73.74724936143039
Ji4n1ng/OpenInTerminal,23.49408878279321
reduxjs/redux,39.9889410514967
sequelize/sequelize,7.392861865942028
openlayers/openlayers,31.348512396694215
zyedidia/micro,77.65099887766554
briannesbitt/Carbon,19.106073207389855
JetBrains/Exposed,47.74466750841751
sindresorhus/modern-normalize,309.7222540509259
facebookresearch/hydra,54.86589781746033
source-foundry/Hack,70.45422040343915
vitejs/vite,2.0082199967029344
dahlbyk/posh-git,233.84474681712962
dessant/buster,76.3379663671024
google/jax,14.841843860229275
welldone-software/why-did-you-render,14.874245003387534
doorkeeper-gem/doorkeeper,45.87730950212508
reduxjs/react-redux,24.616466017759564
Foundry376/Mailspring,37.15489380279402
caronc/apprise,51.14655508072175
twitter/hogan.js,8.426597222222222
riot/riot,14.590809654264357
ajenti/ajenti,137.4164699074074
gregberge/loadable-components,33.948799501424496
elastic/go-elasticsearch,40.585902777777775
divamgupta/diffusionbee-stable-diffusion-ui,15.995877314814814
barryclark/jekyll-now,292.60483217592594
belluzj/fantasque-sans,135.20824363425928
shadowsocks/shadowsocks-android,17.03630502428658
httpie/cli,93.03115977483164
google/snappy,400.23203703703706
SoftEtherVPN/SoftEtherVPN,55.280189686213994
rcmaehl/WhyNotWin11,20.773677151416123
ccampbell/mousetrap,185.22096777065528
JohnCoates/Aerial,14.15456983965673
guillaumepotier/Parsley.js,224.72348379629628
ppoffice/hexo-theme-icarus,60.66192721791558
webpy/webpy,245.73869020061727
kean/Nuke,17.212950837742504
tbruyelle/RxPermissions,174.49018171296294
facebookresearch/fastText,292.7909452160494
missive/emoji-mart,56.924708145645646
hluk/CopyQ,47.40933148148148
sass/node-sass,30.024066743827163
benphelps/homepage,6.2170810185185195
hackiftekhar/IQKeyboardManager,28.65860782657658
tmux/tmux,145.35270903479235
puma/puma,41.13811087570621
Respect/Validation,146.04069897342995
rabbitmq/rabbitmq-server,14.831207241088274
esnet/iperf,41.94308449074074
standard/standard,120.94059606481481
hackjutsu/Lepton,53.43589313271605
Perfare/Il2CppDumper,23.959712864460204
Zizaco/entrust,100.43242424242425
olton/Metro-UI-CSS,21.757021122685185
tendermint/tendermint,14.398919669669668
mltframework/shotcut,23.049895677976636
alvarotrigo/fullPage.js,38.86379669540229
typicode/lowdb,113.28034391534392
GoogleChrome/workbox,26.205441367434506
alexellis/k3sup,12.42619357638889
openai/whisper,40.66722800925926
noodlewerk/NWPusher,69.66105255991285
NVIDIA/TensorRT,34.362984532828285
arogozhnikov/einops,149.58513985339508
madrobby/zepto,120.67226034858386
summernote/summernote,51.32658859070935
uxsolutions/bootstrap-datepicker,170.49601916152264
swoole/swoole-src,14.76461078466287
FreeCAD/FreeCAD,174.20955808080808
robb/Cartography,99.24486183449073
ProjectDent/ARKit-CoreLocation,111.13323784722222
celery/celery,88.55259645061727
caolan/async,43.98984182098766
yudai/gotty,56.54437191358025
tstack/lnav,99.86052919238682
sqlmapproject/sqlmap,357.3295701058201
typicode/husky,21.72077801318267
opencontainers/runc,77.75827707047326
dargullin/icheck,1242.9595023148147
developit/microbundle,47.36141203703704
dc-js/dc.js,101.48129586762688
c0re100/qBittorrent-Enhanced-Edition,29.589187065972226
OpenRefine/OpenRefine,96.23753472222222
BoostIO/BoostNote-Legacy,22.485303406084657
brndnmtthws/conky,87.48966302910054
chrisbanes/tivi,57.43334802350427
primer/octicons,34.509665532879815
jaredreich/notie,0.9334722222222221
junit-team/junit4,251.07273051697533
StackStorm/st2,41.52766952614379
sloria/TextBlob,5.778732638888889
BetterDiscord/BetterDiscord,53.14537977430555
saltstack/salt,23.687046479044835
mamaral/Onboard,76.14559640522876
js-cookie/js-cookie,112.59839847883597
moby/moby,21.085433083793014
rhysd/vim.wasm,15.690529513888889
dylanaraps/neofetch,54.08907967443249
plantuml/plantuml,22.814164134837963
cosmtrek/air,60.37494357638889
redux-saga/redux-saga,38.57821692163177
shenweichen/DeepCTR,38.98117398648649
heroiclabs/nakama,33.97539335550339
laramies/theHarvester,123.39377314814816
google/wire,156.87206944444446
tensorflow/tensorflow,14.182999515778533
tjanczuk/edge,1054.6158564814816
cli/cli,12.129742063492065
nasa-jpl/open-source-rover,509.682550154321
Workiva/go-datastructures,53.84854187710439
activeadmin/activeadmin,86.32297453703704
cplusplus/draft,321.4233847736626
xournalpp/xournalpp,130.36971395502647
transmission/transmission,90.17267752347418
rxi/lite,17.267305345117844
seanmonstar/reqwest,32.69552128427129
antimatter15/alpaca.cpp,0.24034953703703707
lexrus/LTMorphingLabel,371.09376620370364
fail2ban/fail2ban,128.40809327846367
playcanvas/engine,9.98788285150354
danikula/AndroidVideoCache,55.11623294346979
zenorocha/alfred-workflows,63.319754739858915
sourcegraph/conc,26.60103587962963
realm/SwiftLint,24.624328610364397
raineorshine/npm-check-updates,77.82832643814027
facebook/proxygen,7.260995517810804
jorgebucaran/fisher,46.43064853395061
jupyterlab/jupyterlab,14.668614876171352
Kitware/CMake,26.219399099441905
sumatrapdfreader/sumatrapdf,241.86798032407407
brave/brave-browser,0.3403168080703143
IBM/plex,45.606885784932665
recharts/recharts,50.09845403439153
marko-js/marko,2.687722258391204
ratchetphp/Ratchet,271.1276820286195
graphite-project/graphite-web,109.82935729847493
openscad/openscad,399.9326643518519
twbs/bootstrap-sass,172.74637635030865
brython-dev/brython,48.58595843545752
google/dopamine,198.99749999999997
mgcrea/angular-strap,21.117505063657408
libuv/libuv,118.44303047839507
typicode/json-server,253.65957710113958
redox-os/redox,38.35025042087542
enso-org/enso,2.0046780198438996
cayleygraph/cayley,138.2292534722222
visionmedia/page.js,80.9317624158249
snowie2000/mactype,154.04872685185185
haifengl/smile,110.19493923611111
joho/godotenv,379.86550202546294
angular-ui/ui-router,51.914221144636024
cheat-engine/cheat-engine,255.27583438552188
nosir/cleave.js,21.905933760683762
tutao/tutanota,5.584947887586079
ResearchKit/ResearchKit,298.2291815476191
ValveSoftware/GameNetworkingSockets,237.92965972222225
felixrieseberg/macintosh.js,119.91184751157408
Wind4/vlmcsd,79.14147743055555
jordansissel/fpm,223.94414930555556
official-stockfish/Stockfish,257.98229166666664
nsqio/nsq,108.35745530012771
kalcaddle/KodExplorer,162.85400559413583
venmo/synx,5.360486111111111
farag2/Sophia-Script-for-Windows,11.824934722222222
zeek/zeek,26.895203525641026
pallets/flask,66.09337770061728
microsoft/ethr,183.16089699074075
webiny/webiny-js,14.642400518077602
topjohnwu/Magisk,19.58486730189492
maxence-charriere/go-app,20.667833976337448
mybatis/mybatis-3,94.25268518518517
gonum/gonum,114.03509162808642
bpampuch/pdfmake,50.88081847993828
bazelbuild/bazel,12.995395608990046
facebook/chisel,194.485224537037
OWASP/owasp-mastg,113.1269436728395
PowerShell/Win32-OpenSSH,61.967064125295515
prometheus/node_exporter,68.81633654250842
signalapp/Signal-Desktop,3.5584636055613976
fossasia/visdom,240.83963128306877
buger/jsonparser,121.65449652777778
microsoft/MixedRealityToolkit-Unity,39.37061900628307
plotly/plotly.py,40.11189429012345
tonsky/AnyBar,272.4927054398148
spotify/annoy,109.63315667641325
bkeepers/dotenv,156.4419241898148
shiftkey/desktop,15.975103383458645
emilsjolander/StickyListHeaders,40.12842901234568
diegomura/react-pdf,12.643513176638178
janeczku/calibre-web,80.02257005360624
Shopify/react-native-skia,5.021464032687991
envoyproxy/envoy,18.59470498601119
mgdm/htmlq,59.06757523148148
dolthub/dolt,4.73423496089257
guardianproject/haven,44.24874324845678
jasonkuhrt/graphql-request,78.09661717752235
amueller/word_cloud,1286.0487557870372
sequelpro/sequelpro,30.913745370370375
opencv/cvat,36.31328679591049
IFTTT/JazzHands,122.99976562500001
sparklemotion/nokogiri,30.45576884920635
espressif/esp-idf,25.26965060047672
arzzen/git-quick-stats,45.804674110384894
gulpjs/gulp,92.15740961199295
jquense/yup,241.99647222222222
julienXX/terminal-notifier,191.25170717592593
erikflowers/weather-icons,39.26466820987655
keras-team/keras,46.510992420116196
keycastr/keycastr,181.5532615740741
tweenjs/tween.js,128.35185606060605
tensorflow/tensorboard,41.187031577568135
mongodb/node-mongodb-native,31.7658615136876
fluent/fluentd,65.03067274305555
kazupon/vue-i18n,16.872883256172837
uber/RIBs,134.17821397569443
pastelsky/bundlephobia,195.10139467592592
AlexeyAB/darknet,291.25434027777777
google/android-classyshark,62.29056640625
spree/spree,20.805534696066122
falconry/falcon,47.83546141975308
conda/conda,17.127689933523268
josStorer/chatGPTBox,4.688474198283649
kickstarter/ios-oss,36.13068995301271
apertureless/vue-chartjs,31.518732013263264
jquery-validation/jquery-validation,210.88044656635802
apple/swift-nio,16.28998089807287
navasmdc/MaterialDesignLibrary,1.9805034722222221
kean/Pulse,12.750654727095515
jbaysolutions/vue-grid-layout,62.455343584656084
akveo/react-native-ui-kitten,64.4690412808642
laravel/socialite,35.18581443688586
gorhill/uBlock,13.160897708512776
carrierwaveuploader/carrierwave,150.41233010912697
tholman/elevator.js,441.16805555555555
joelittlejohn/jsonschema2pojo,63.65074719186399
Kong/kong,22.875127053745473
ipfs/kubo,27.08252447089947
socketio/socket.io-client-java,144.32682581018517
simeji/jid,92.9148263888889
facebookexperimental/Recoil,40.22303009259259
reactphp/reactphp,182.58944076178452
ValdikSS/GoodbyeDPI,68.06354700854702
3b1b/manim,55.51488040123457
wpscanteam/wpscan,48.67860401732377
daniel-lundin/snabbt.js,23.927917438271606
facebook/buck,43.37372044477513
knockout/knockout,130.36364969135803
blevesearch/bleve,67.89717881944445
laravel/framework,3.6449101523162137
apache/superset,18.921395230847285
gravitational/teleport,4.9677175171095005
google/draco,88.53217544367283
docker/compose,17.101206483750907
una/CSSgram,31.060326003086416
snowplow/snowplow,37.26510706018519
sachinchoolur/lightGallery,27.755769223027375
tijsverkoyen/CssToInlineStyles,330.1988773148148
CosmicMind/Material,5.318876901455027
tonsky/FiraCode,92.21590815145503
sachinchoolur/lightgallery.js,96.8798365162037
lukeed/polka,90.51465740740741
plotly/plotly.js,11.992153838734568
ckeditor/ckeditor5,31.85427682954038
terkelg/prompts,62.79013944003527
santinic/how2,16.996643518518518
mozilla-mobile/firefox-ios,27.9263611315962
cefsharp/CefSharp,21.48602527563691
google/trax,41.38244825708061
opf/openproject,17.643077417695476
matthieua/WOW,30.745610945767197
expressjs/express,21.062311009639775
NVIDIA/open-gpu-kernel-modules,8.651359355044699
File-New-Project/EarTrumpet,57.98921682098765
DevExpress/testcafe,6.795823778323778
julianshapiro/velocity,74.1647998366013
dingo/api,42.89961910774411
pedant/sweet-alert-dialog,7.045902777777777
jgthms/bulma,104.44567057291665
junit-team/junit5,43.31660089653145
Laverna/laverna,67.33244791666667
svaarala/duktape,62.09544745807128
schachmat/wego,1322.9017708333333
star7th/showdoc,16.238415322580646
sosedoff/pgweb,67.40540090622538
tmuxinator/tmuxinator,77.14336199294532
pxb1988/dex2jar,470.0657242063492
flyway/flyway,18.52383445457176
google/osv-scanner,22.77080039173789
gabime/spdlog,72.38968353174603
MarshallOfSound/Google-Play-Music-Desktop-Player-UNOFFICIAL-,30.007218364197527
bblanchon/ArduinoJson,28.196421823246013
kubernetes/kompose,58.976931327160486
google/dagger,36.47928336056645
opencart/opencart,89.20917415577343
o2sh/onefetch,39.43990040913006
yagop/node-telegram-bot-api,176.8090806878307
nathancahill/split,24.780976654846338
sshuttle/sshuttle,117.57185846560846
pymc-devs/pymc,55.10958232689211
Semantic-Org/Semantic-UI-React,131.99501967592593
rengwuxian/MaterialEditText,11.815831404320988
mingrammer/diagrams,28.193511208576997
ValveSoftware/Proton,29.395139922288354
robotframework/robotframework,45.29845151930099
sinonjs/sinon,37.470043540564376
ionic-team/capacitor,14.18052184376837
ElemeFE/element,17.679788130144033
angular/flex-layout,61.02838853276353
node-red/node-red,28.216894440827545
commaai/openpilot,39.28479234749455
iBotPeaches/Apktool,157.67218878600823
facebook/flipper,6.943572448778565
facebookresearch/pytorch3d,82.92528108465608
arendst/Tasmota,23.659173198569857
denoland/fresh,19.875125868055555
konvajs/konva,25.446840277777778
koalaman/shellcheck,136.72423696844993
iawia002/lux,25.280392804069503
numpy/numpy,23.98836582977208
jpillora/cloud-torrent,33.742927867383514
coleifer/peewee,27.807931112503482
PostgresApp/PostgresApp,23.363586319730228
microg/GmsCore,96.8095524691358
keycloak/keycloak,25.101974649954837
sivel/speedtest-cli,133.73620094797178
facebook/componentkit,123.9079976851852
pemistahl/grex,109.05008725071224
foreversd/forever,187.26973379629632
carson-katri/dream-textures,22.36986111111111
square/leakcanary,82.90823567708334
airbnb/react-sketchapp,40.65468021262003
adobe-fonts/source-han-serif,258.9608834876543
videojs/video.js,12.945017638571791
nhn/tui.image-editor,59.02586524024024
AUTOMATIC1111/stable-diffusion-webui,14.562306327160492
microsoft/semantic-kernel,3.9922539131393298
koekeishiya/yabai,26.626169962335215
rstacruz/nprogress,104.99102044753086
tradingview/lightweight-charts,64.54974537037037
timarney/react-app-rewired,159.8180719521605
froala/design-blocks,70.17867283950618
reduxjs/redux-devtools,35.131898148148146
mockito/mockito,8.285078623882503
google/google-java-format,144.34961747685185
fengyuanchen/viewerjs,47.06380131172839
twitchtv/twirp,62.214982225529106
naver/billboard.js,14.662944975230005
elastic/beats,14.22472388926993
postcss/postcss,14.938378768748088
HaxeFoundation/haxe,86.31287217881943
keystonejs/keystone,16.567959806397308
knex/knex,29.257849495701056
arduino/Arduino,87.19220968364198
vuejs/apollo,29.644934593023255
ggerganov/llama.cpp,0.2438757080610022
angular-fullstack/generator-angular-fullstack,33.45199291087963
zaphoyd/websocketpp,178.5492037037037
vuejs/vuex,38.674368981481486
php-fig/log,347.4679925411522
xdissent/ievms,300.547896412037
musescore/MuseScore,33.04774467592593
python-pillow/Pillow,56.97326275417575
nodegit/nodegit,24.093584598406547
kovidgoyal/kitty,24.653747427983543
certbot/certbot,34.98693315266486
microsoft/vscode-cpptools,11.398414014742897
huggingface/trl,14.46035262345679
octref/polacode,2.0151041666666667
microsoft/winfile,284.499425154321
dominikh/go-tools,66.34320384837963
iovisor/bcc,163.61142489711935
phpDocumentor/TypeResolver,98.2292337962963
facebookresearch/mmf,71.07141203703704
platformio/platformio-core,26.927085833333333
RichardKnop/machinery,13.808351658950615
slim-template/slim,430.739765625
apache/mxnet,65.34171611952861
TooTallNate/Java-WebSocket,159.66197668650793
libevent/libevent,259.48815423976606
microsoft/vscode,12.835862471572447
OAI/OpenAPI-Specification,160.97582818930042
Masterminds/glide,51.61505208333333
kriasoft/react-starter-kit,49.926487268518514
cesanta/mongoose,97.92797780151948
slackhq/nebula,117.2602598905724
PointCloudLibrary/pcl,135.72592520254628
jpbruinsslot/slack-term,103.74905285493827
Yelp/dumb-init,93.08459435626104
google/cadvisor,32.52920972222223
apache/dubbo-spring-boot-project,82.91972897376543
givanz/VvvebJs,195.30170875420876
GrenderG/Toasty,93.94967013888889
impress/impress.js,274.78197503306876
invertase/react-native-firebase,13.633033254290877
trailofbits/algo,134.324375
apple/swift-corelibs-foundation,63.53191550925926
purescript/purescript,19.05913680427665
keras-team/autokeras,33.250679418453544
HubSpot/vex,80.88531712962963
php-fig/http-message,206.31421373456791
ehazlett/shipyard,143.08066666666664
code4craft/webmagic,154.13072723765433
klange/toaruos,40.17180631038647
CocoaLumberjack/CocoaLumberjack,75.96496109141056
jsonmodel/jsonmodel,35.24361689814815
google-deepmind/mujoco,39.99385271990741
OpenEmu/OpenEmu,107.22036024305555
marmelab/react-admin,8.395797792366322
lpereira/lwan,407.4569560185185
apple/ml-stable-diffusion,60.35633333333334
google/or-tools,67.13720338070628
gabrielbull/react-desktop,38.22270477207977
postmanlabs/httpbin,395.0198649691358
facebookresearch/ParlAI,52.41030197811448
ninjaprox/NVActivityIndicatorView,41.33723429951691
open-source-parsers/jsoncpp,52.91934196566357
facebook/hhvm,90.92789599867724
imbushuo/mac-precision-touchpad,50.614709790809336
mislav/will_paginate,176.99830787037038
microsoft/MMdnn,87.97275357744108
skylot/jadx,133.0706027091907
ReactiveX/RxAndroid,155.87186647173488
open-mmlab/mmdetection,24.932763194444448
serverless/serverless,7.695678385024592
huggingface/accelerate,27.965572039842872
lutris/lutris,44.32196872730574
google/filament,11.73030514791521
naman14/Timber,434.14132523148146
fmtlib/fmt,79.54348352713178
appbaseio/dejavu,37.967031649106
elastic/elasticsearch-php,28.387140594541908
zetbaitsu/Compressor,210.7624710648148
Netflix/Hystrix,24.82381172839506
kivy/python-for-android,122.9493074845679
Quick/Quick,70.27378998316497
pyenv/pyenv-virtualenv,278.5085635288066
plotly/falcon,27.55767846475508
inorganik/countUp.js,72.9379899691358
bizz84/SwiftyStoreKit,36.4755610380117
vuejs/devtools,29.3899751984127
sysown/proxysql,27.38350013616558
twbs/icons,43.463800998263885
duo-labs/cloudmapper,38.87990324074074
dilame/instagram-private-api,0.9011550925925925
google/flexbox-layout,76.65520206404321
digininja/DVWA,400.8793783068783
realm/realm-js,12.154443180899237
benbjohnson/litestream,50.098528874269014
JakeLin/SwiftLanguageWeather,324.5515277777778
leemunroe/responsive-html-email-template,368.9241898148148
42wim/matterbridge,23.28829201185835
pugjs/pug,100.30152006172841
apple/swift-package-manager,85.1660462962963
microsoft/WSL2-Linux-Kernel,47.59636208576998
iSoron/uhabits,68.66758883101852
plouc/nivo,48.087611164944015
containers/podman,11.789411955815465
needim/noty,46.62121693121693
H-M-H/Weylus,16.591055695847363
doctrine/common,87.34373842592593
vuejs/core,8.029512768817204
asaskevich/govalidator,226.60826822916667
HandBrake/HandBrake,72.08283783783783
miguelgrinberg/Flask-SocketIO,40.63071947674418
raphw/byte-buddy,12.674262131344307
nicolargo/glances,88.49428310886644
sindresorhus/execa,60.63059220679013
resque/resque,459.8884765625
facebook/folly,7.353091696535245
valor-software/ngx-bootstrap,20.95284926994302
tensorflow/tfjs,22.09081880144033
UnityTechnologies/open-project-1,138.9241203703704
cloudwu/skynet,63.86929823318216
aboul3la/Sublist3r,1371.3629282407408
liamg/traitor,29.842769764957264
aurelia/framework,28.9966679247182
ducksboard/gridster.js,100.7248148148148
dropzone/dropzone,74.06600479112834
processone/ejabberd,115.61689814814815
Raathigesh/majestic,85.59865162037038
restsharp/RestSharp,85.42156803542673
hashicorp/nomad,10.99146458502298
kubernetes/dashboard,45.18217939814815
cure53/DOMPurify,36.81843847465887
Tapadoo/Alerter,39.00513425925926
micropython/micropython,159.63623759920634
NationalSecurityAgency/ghidra,54.89598263888889
hiloteam/Hilo,65.03221157407408
citusdata/citus,22.248807305781387
IvanGoncharov/graphql-voyager,276.16219328703704
jesseduffield/lazygit,12.422046642731166
dylanaraps/pywal,7.507632726070226
ionic-team/ionicons,60.546271797839516
ytdl-org/youtube-dl,5.946675245098039
FormidableLabs/victory,25.75297441390859
mopidy/mopidy,231.68076471560846
RestKit/RestKit,146.76217592592593
google/tink,89.80392824074075
vysheng/tg,62.194913194444446
ntop/ntopng,185.46583422364674
mattn/go-sqlite3,532.34893904321
angular/components,6.713659317691477
OptimalBits/bull,13.32982510288066
callmecavs/layzr.js,32.413820662768025
spring-projects/spring-security,10.876353429464496
andlabs/libui,182.4905825617284
ekzhang/bore,64.12312114197532
lwouis/alt-tab-macos,6.194172191739064
npm/cli,3.4057422055522544
borisdayma/dalle-mini,109.20410108024691
H07000223/FlycoTabLayout,54.60528935185186
mifi/lossless-cut,27.965592748647524
hirak/prestissimo,45.51168911335578
dokku/dokku,14.308090138888888
kimmobrunfeldt/progressbar.js,24.248077697262477
mrdoob/three.js,33.14532634196697
sindresorhus/pure,92.05909529320986
Dreamacro/clash,34.985274134087796
assimp/assimp,118.71739623243934
PCSX2/pcsx2,1.7256400938507257
encode/httpx,35.09316082451499
eclipse/che,36.88162854938272
facebook/rocksdb,19.560542150554507
octobercms/october,111.20160734953703
soimort/you-get,29.52185017014878
AudioKit/AudioKit,37.42979595336077
ether/etherpad-lite,84.78123870822041
klzgrad/naiveproxy,17.814813247492285
valinet/ExplorerPatcher,3.3309037017584813
micro/micro,16.814583594402674
hashicorp/raft,77.35886452241716
go-swagger/go-swagger,50.55740849930118
hql287/Manta,18.87911574074074
knadh/listmonk,55.48791752400549
i-tu/Hasklig,304.91046730324075
flarum/flarum,128.3291151094276
Netflix/zuul,429.49289930555557
google/re2,43.660377358490564
doctrine/collections,128.89412567515433
jquery/jquery-ui,140.10598958333333
MichaelMure/git-bug,173.42523405349792
sheerun/vim-polyglot,42.05213003573749
seanmonstar/warp,57.05119002525253
elastic/logstash,12.6849364359319
dataarts/dat.gui,208.3891167153996
containers/skopeo,44.74023603521554
moq/moq4,53.12704148860399
tiangolo/typer,48.981209259259266
esimov/caire,87.70805996472662
espressif/arduino-esp32,40.03888358410494
developit/mitt,214.69147622053876
hashicorp/terraform,11.24100440589288
balena-io/etcher,10.37320726976977
Automattic/mongoose,34.45957674991505
atlassian/react-beautiful-dnd,27.539614600608072
SBoudrias/Inquirer.js,29.834770523476227
eslint/eslint,10.71144323338239
grafana/k6,44.64800736531987
howdyai/botkit,243.19972800925927
dmytrodanylyk/circular-progress-button,365.3722627314815
pandas-dev/pandas,35.51098761574074
aFarkas/html5shiv,228.11255208333333
stefanprodan/dockprom,13.262122568716515
spf13/afero,69.6089699074074
facebook/jscodeshift,57.79594794489611
microsoft/reactxp,86.87575547138046
openssl/openssl,20.69129123263889
muaz-khan/RecordRTC,47.58117339065256
deviantony/docker-elk,47.72894014550264
roots/bedrock,31.61537729414683
Bearded-Hen/Android-Bootstrap,107.33227141203703
shadowsocks/shadowsocks,167.65280092592593
IanLunn/Hover,159.07868312757202
tsl0922/ttyd,102.54196574074074
airbnb/mavericks,54.1584737654321
phar-io/manifest,399.429693287037
locustio/locust,23.525831855791964
mholt/PapaParse,210.09642052469135
NorthwoodsSoftware/GoJS,13.234175835738334
sj26/mailcatcher,163.65844420077974
tuupola/lazyload,129.5671898148148
kubernetes/ingress-nginx,10.402757583682009
RicoSuter/NSwag,7.347519249512671
billryan/resume,143.29153935185187
1N3/Sn1per,53.604709201388886
microsoft/VFSForGit,47.31398068326948
julienschmidt/httprouter,646.8846334876544
apache/dolphinscheduler,34.5050106095679
WickyNilliams/headroom.js,60.03646412037037
imagemin/imagemin,385.9962731481482
capstone-engine/capstone,111.96709929757344
insin/nwb,17.932916157916157
stanfordnlp/GloVe,52.637511574074075
iperov/DeepFaceLab,21.19503472222222
Hacker0x01/react-datepicker,18.807638438786007
lucidrains/DALLE-pytorch,4.849492357231533
crazycodeboy/react-native-splash-screen,173.03128367003364
riccardoscalco/textures,310.5417939814815
sdispater/pendulum,57.34345083534621
TerryCavanagh/VVVVVV,101.98636739417991
uNetworking/uWebSockets,17.25851807899672
Grsmto/simplebar,86.48812292260209
api-platform/api-platform,32.49797316806053
desandro/imagesloaded,199.14346643518516
gorakhargosh/watchdog,99.46520543981482
prisma/prisma,9.232384121472663
vi/websocat,118.51457120811286
michaelvillar/dynamics.js,40.26149831649832
google/sentencepiece,71.18228009259259
plotly/dash,24.642992271505378
nopSolutions/nopCommerce,54.05784245642702
JetBrains/compose-multiplatform,4.628254924655047
myliang/x-spreadsheet,28.037342303240738
tealeg/xlsx,243.09380324074075
mgonto/restangular,70.75961419753087
auduno/clmtrackr,127.47271296296297
sindresorhus/got,23.71957184761097
wilsonpage/fastdom,70.87385416666667
apprenticeharper/DeDRM_tools,27.92576924189815
dpkp/kafka-python,72.24063587261504
OctoPrint/OctoPrint,26.576606515274403
bda-research/node-crawler,26.720775462962962
codertimo/BERT-pytorch,1.150931712962963
greenrobot/EventBus,430.7585300925926
jaredpalmer/tsdx,14.143378577441078
FredKSchott/snowpack,10.986960535230352
jaywcjlove/hotkeys-js,39.968690277777775
VincentGarreau/particles.js,35.59495833333333
vercel/vercel,2.2835202169399405
russross/blackfriday,197.73547067901237
Delgan/loguru,109.88708043981482
keybase/client,28.47353324915825
wader/fq,39.016764025054464
dropbox/zxcvbn,54.925925925925924
roughike/BottomBar,7.360420524691359
antlr/antlr4,128.207031848659
Squirrel/Squirrel.Windows,42.127141648860395
jwtk/jjwt,1.1967881944444445
lecho/hellocharts-android,32.33137197293447
ansible-semaphore/semaphore,30.163067644032925
jgraph/drawio-desktop,19.168177181418706
tensorflow/models,55.78579110360361
kamranahmedse/driver.js,151.74358974358975
FreshRSS/FreshRSS,62.84950674743893
symfony/finder,11.51891906062045
samratashok/nishang,209.85144097222224
visualfc/liteide,81.33234722222223
lancedikson/bowser,48.16865600448934
Anuken/Mindustry,12.609650885161892
abiosoft/colima,21.683012566137567
microsoft/react-native-code-push,28.711270693041527
lmenezes/cerebro,54.089329427083335
open-falcon/falcon-plus,355.36583333333334
chalk/chalk,126.21401175213676
redis/redis,19.706750678480205
Netflix/fast_jsonapi,57.53028935185185
objective-see/LuLu,82.68506321225071
fontforge/fontforge,164.29820023148147
lightningnetwork/lnd,18.06443533837146
iamkun/dayjs,17.28030193236715
sindresorhus/screenfull,178.21212448559672
matthewmueller/x-ray,1198.6384837962962
PatrickJS/MFE-starter,57.60608796296296
ptmt/react-native-macos,68.503203125
t4t5/sweetalert,88.40281925154319
airbnb/lottie-android,52.48680838477367
facebookincubator/SocketRocket,932.6481481481482
Masterminds/squirrel,202.97023842592594
microsoft/cascadia-code,51.073974247685186
signalapp/Signal-iOS,24.250419414468425
google/gson,100.79655555555557
redis/go-redis,38.449599116161615
gogo/protobuf,163.4885165895062
facebook/lexical,15.194758873456792
umano/AndroidSlidingUpPanel,88.50086474867726
uber/cadence,30.716521450617282
segmentio/kafka-go,30.33909722222222
jverdi/JVFloatLabeledTextField,0.0031712962962962966
php-fig/container,287.49824459876544
Y2Z/monolith,61.447325779727095
strongloop/loopback,86.09500578703704
msiemens/tinydb,60.23611863425926
stephencelis/SQLite.swift,161.5755541087963
flask-restful/flask-restful,33.22574305555556
juliangarnier/anime,120.52550836894589
tymondesigns/jwt-auth,64.18512152777778
cloudflare/cfssl,200.34839616402118
adobe-fonts/source-code-pro,296.33368055555553
hajimehoshi/ebiten,25.52142453703704
snare/voltron,27.504972993827156
mde/ejs,83.02858024691358
vercel/satori,6.738466325995806
moroshko/react-autosuggest,35.313957795004306
jarun/buku,66.42418229166667
Jguer/yay,28.80949868109388
gregberge/svgr,31.950911628540307
onevcat/Kingfisher,17.270795537769406
nuysoft/Mock,40.38728454415954
aksonov/react-native-router-flux,38.9789707977208
reduxjs/redux-toolkit,18.070851231386026
peachananr/onepage-scroll,78.95081886574074
vikmeup/SCLAlertView-Swift,49.29053703703704
ant-design/ant-design,4.947701945664775
postcss/autoprefixer,19.67212581137839
dimsemenov/PhotoSwipe,152.78918816137565
AlDanial/cloc,161.3151221707819
odeke-em/drive,39.66982104700855
stretchr/testify,221.66568181818184
LMMS/lmms,102.33282021604937
Nickersoft/push.js,57.88467303240741
matterport/Mask_RCNN,68.04858217592593
symfony/process,10.178427989520529
gogs/gogs,42.24707311207311
openai/openai-python,17.752781442901234
lz4/lz4,105.28043422733077
krallin/tini,55.23442878540305
nikic/PHP-Parser,43.23583796296296
springfox/springfox,163.13837647306397
microsoft/qlib,57.07278677983539
bobthecow/psysh,36.05022133925162
gorilla/mux,121.30293002136752
mledoze/countries,148.78714583333334
sindresorhus/fkill-cli,146.17719675925926
priyankavergadia/google-cloud-4-words,1.2082291666666667
johnkerl/miller,48.917860918209875
oclif/oclif,5.205336940538554
shadowsocks/shadowsocks-windows,46.866930298353914
microsoft/react-native-windows,3.3184806208452042
SonarSource/sonarqube,30.354714317976512
reactjs/react-transition-group,60.377289440883196
junegunn/fzf,33.104405332056196
gperftools/gperftools,119.20850993130227
shutterstock/rickshaw,220.7272643097643
fideloper/TrustedProxy,164.90420355902776
yujincheng08/BiliRoaming,18.856027105734768
KeepSafe/TapTargetView,80.07662931397306
SnapKit/SnapKit,188.56469486531986
rails-api/active_model_serializers,73.69598958333333
zenoamaro/react-quill,58.890733251633996
rack/rack-attack,120.71581773349436
thoughtbot/administrate,108.3601014957265
flutter/flutter,32.47907986111111
TechEmpower/FrameworkBenchmarks,189.84850694444444
tidwall/tile38,31.47728376906318
smartystreets/goconvey,281.2035506687243
apache/beam,46.02407021604938
containers/buildah,16.404035493827163
asciimoo/wuzz,359.61997974537036
prevwong/craft.js,54.612954629629634
zsh-users/zsh-completions,159.63193136070853
wangyu-/udp2raw,62.87385525173611
symfony/event-dispatcher,11.58394196279613
ccgus/fmdb,270.52037326388887
WebAssembly/wabt,57.41148039641204
Yalantis/Koloda,91.17178433641976
syncthing/syncthing,7.845371547965116
jessepollak/card,61.948649140211636
iovisor/bpftrace,69.3382550925926
sarcadass/granim.js,89.22091949588476
oldj/SwitchHosts,67.25446556712963
microsoft/azuredatastudio,16.279453792735044
gilbarbara/react-joyride,34.80658265250545
BurntSushi/xsv,19.710782154224535
exelban/stats,7.3157549939986275
rust-lang/rustlings,43.593671113547764
smicallef/spiderfoot,114.55792328042327
nodemailer/nodemailer,33.16521990740741
baldurk/renderdoc,70.67948483057526
rey5137/material,170.57060956790124
zsh-users/antigen,18.322115054869684
versatica/mediasoup,9.010237713675215
OJ/gobuster,226.29861255787037
valyala/fasthttp,48.00171464646465
jart/cosmopolitan,53.952003279320984
graphql/graphql-playground,8.033327907986111
dotnet/core,13.22507008154944
halide/Halide,206.65309368191723
mobxjs/mobx,28.59130950583736
BrowserSync/browser-sync,82.13599311985597
stylus/stylus,163.5269470164609
jgilfelt/SystemBarTint,45.08464699074074
myclabs/DeepCopy,114.83742013888889
docker/docker-ce,10.01674144603588
robbiehanson/CocoaAsyncSocket,228.70598695286196
majodev/google-webfonts-helper,22.900277777777777
dotnet/orleans,24.614816018518514
twbs/bootstrap,50.68752900170285
serbanghita/Mobile-Detect,305.77458333333334
yujiosaka/headless-chrome-crawler,9.868537402534114
red/red,492.527650462963
dtm-labs/dtm,11.214533333333334
iview/iview-admin,15.972586606002556
goldfire/howler.js,109.08724103009258
FastLED/FastLED,286.0671875
guzzle/guzzle,60.259419945987666
mozilla/mozjpeg,220.3117336309524
Shopify/draggable,147.01193287037037
google/EarlGrey,63.959587191358025
nodejs/node-gyp,74.61153240740741
NaturalNode/natural,22.119373158670033
mitsuhiko/rye,7.769116512345679
fatih/color,150.6607523148148
thephpleague/omnipay,181.43234375
sqlalchemy/sqlalchemy,17.320806175865407
nodemcu/nodemcu-firmware,83.02056674382716
apache/druid,64.54638931755831
medialize/URI.js,75.2881462191358
nanomsg/nanomsg,175.87367724867727
iview/iview,13.299942956349206
rwaldron/johnny-five,30.887848649162862
apidoc/apidoc,66.43805597643097
seatgeek/fuzzywuzzy,90.87559816919192
wechaty/wechaty,81.88917989417989
saulpw/visidata,60.51914641203704
apache/shardingsphere-elasticjob,97.64452504960319
netdata/netdata,41.66762433862434
google-deepmind/pysc2,359.7539953703704
d3/d3,22.402039568865742
osxfuse/osxfuse,43.22094173839332
hyperledger/fabric,30.864787473161567
amsul/pickadate.js,16.148694444444445
javve/list.js,19.021824845679014
necolas/react-native-web,129.67205613425926
danielmiessler/SecLists,99.36185590277778
fikovnik/ShiftIt,270.3679236111111
aws/serverless-application-model,28.82218625992063
pillarjs/path-to-regexp,75.36542735042735
cypress-io/cypress,9.730106714418822
SignalR/SignalR,106.09564142771804
MithrilJS/mithril.js,83.1107788671024
gevent/gevent,67.98478530092594
ShareX/ShareX,44.68873811728395
janpaepke/ScrollMagic,179.49917080026455
dogecoin/dogecoin,82.47609253167641
trazyn/weweChat,42.03551793981482
WordPress/gutenberg,5.244299333811511
google/web-starter-kit,69.85782407407407
beego/beego,97.12236304012345
PanJiaChen/vue-element-admin,23.405892650462963
presidentbeef/brakeman,33.47446725952571
cloudflare/quiche,71.05316724537037
github/semantic,9.61049045138889
netblue30/firejail,80.74381734006734
popcorn-official/popcorn-desktop,174.62353935185186
vercel/serve,17.579455942373293
vercel/ncc,21.19213372289973
lua/lua,236.31525752314815
mattboldt/typed.js,113.11957649410773
Chocobozzz/PeerTube,18.33248976934524
electron/electron,2.849045018973309
panjf2000/ants,139.94668455387205
java-decompiler/jd-gui,100.29253199891066
vega/vega,20.911304040713507
qvacua/vimr,8.974094802783009
imsnif/bandwhich,64.20330387205387
taosdata/TDengine,10.068938712522046
mrdoob/stats.js,132.01850154320988
FormidableLabs/spectacle,49.10779105950213
vuejs/vue-class-component,60.96812902576489
rust-lang/rustfmt,33.377931511674724
beefproject/beef,173.47736689814815
ValveSoftware/openvr,54.95069781144781
sdkman/sdkman-cli,31.885162387766556
gcanti/io-ts,20.29226344797178
apache/openwhisk,854.0107523148148
snail007/goproxy,12.994421296296297
nagadomi/waifu2x,419.57024884259255
NLog/NLog,27.639773466214308
b4winckler/macvim,84.67005787037037
jerryjliu/llama_index,1.8202163938492062
adobe-fonts/source-han-sans,142.3790121187364
lebinh/ngxtop,2447.8873148148145
day8/re-frame,75.842421875
encode/uvicorn,33.01693737139918
gokcehan/lf,66.82484027777778
lib/pq,89.83788986354777
statsmodels/statsmodels,104.52886140046297
ninja-build/ninja,171.1886268939394
SublimeText/Spacegray,175.08365972222222
developit/htm,91.05827469135802
GavinZhuLei/vue-form-making,82.02858024691358
FormidableLabs/webpack-dashboard,112.02590119949495
Azure/azure-quickstart-templates,57.26075810185185
dhg/Skeleton,184.33812037037035
ethereum/go-ethereum,18.976350766373717
BurntSushi/ripgrep,26.77663586182336
pa7/heatmap.js,616.677638888889
huggingface/pytorch-image-models,32.41889684606482
Yalantis/uCrop,124.85137152777777
LMAX-Exchange/disruptor,202.49138977920225
cucumber/cucumber-ruby,139.80074768518517
CoderMJLee/MJExtension,116.77668300653595
openstf/stf,100.55547598379628
Shopify/polaris,3.493372808277258
NodeBB/NodeBB,11.067731203703703
rsms/inter,32.10781405472637
peers/peerjs,88.5291440696649
tweepy/tweepy,119.97015817901234
facebook/react,33.70411895313681
alrra/browser-logos,8.78254632791945
google/model-viewer,33.504725934661074
cockpit-project/cockpit,9.852404718812297
healthchecks/healthchecks,46.691169217687076
magicalpanda/MagicalRecord,73.5140162037037
facebook/zstd,42.78086022079771
cmderdev/cmder,114.37192853009259
thephpleague/flysystem,238.81153703703706
daimajia/NumberProgressBar,58.82512152777778
kevinzhow/PNChart,0.20668981481481483
open-mmlab/mmsegmentation,26.943896228545622
denisidoro/navi,19.889176994301994
tiangolo/sqlmodel,61.82947723765432
infernojs/inferno,14.942229707628824
avast/retdec,364.3301319444444
doctrine/cache,71.85239316239316
path/FastImageCache,138.7606539351852
weaveworks/weave,29.971034315565564
boostorg/boost,53.00999074074074
rethinkdb/rethinkdb,50.39737466931217
99designs/aws-vault,35.803115530303025
spencermountain/compromise,49.06624118165785
facebook/prophet,161.36917592592593
vercel/micro,41.550990740740744
phar-io/version,226.91578559027778
desandro/masonry,88.03559523809524
yonaskolb/XcodeGen,31.13575361893584
horst3180/arc-theme,47.98320286195286
google/jsonnet,92.89450027233117
projectdiscovery/katana,44.445844907407405
neo4j/neo4j,24.75825932446531
rt2zz/redux-persist,128.2879555976431
vadimdemedes/ink,45.87289753401361
git-up/GitUp,77.19544775132276
wbkd/react-flow,5.538115380658437
google/brotli,164.10867091049383
uber/kraken,109.47444444444444
SeleniumHQ/selenium,41.700888915805336
magicmonty/bash-git-prompt,95.96758033769062
encode/starlette,35.68613834422658
gunthercox/ChatterBot,25.197482979302833
hashicorp/consul,8.324369329480488
robbiehanson/XMPPFramework,657.8291319444444
symfony/translation,8.695115975350351
Activiti/Activiti,9.173986029480362
EduardoPires/EquinoxProject,262.8510185185185
airbnb/lottie-ios,39.72099062689739
Koenkk/zigbee2mqtt,22.300518276270456
redis/redis-py,13.807710148874364
square/PonyDebugger,235.71120370370372
seajs/seajs,51.76153594771242
lra/mackup,95.28032203159042
claudiodangelis/qrcp,51.81110835537919
commonsguy/cw-omnibus,51.919295304232804
SwiftyJSON/SwiftyJSON,82.46219502314815
jitsi/jitsi-meet,35.74417697811448
sourcegraph/sourcegraph,9.621874095775462
traefik/traefik,7.367306214432317
Flipboard/FLAnimatedImage,303.7516015625
ampproject/amphtml,3.606460842499768
tylertreat/comcast,56.079537037037035
gwuhaolin/livego,120.9382417929293
pachyderm/pachyderm,6.559514170610773
orf/gping,28.281265211640207
pyenv/pyenv,28.41095761684303
elixir-lang/elixir,28.56206840445518
influxdata/influxdb,43.81728760822511
ecomfe/zrender,42.86994799817423
vuejs/vue-cli,13.532170664983164
TadasBaltrusaitis/OpenFace,61.2720200617284
Alamofire/Alamofire,34.33408126218324
sindresorhus/ky,30.756265497489014
YoKeyword/Fragmentation,24.348683748403573
stanfordnlp/CoreNLP,93.88570245726494
NLPchina/elasticsearch-sql,14.961591838931957
coreybutler/nvm-windows,173.49954796810698
jasmine/jasmine,62.16405404908877
RangiLyu/nanodet,106.37124131944444
bchavez/Bogus,20.778505203212063
DmitryBaranovskiy/raphael,243.59724074074074
CoderMJLee/MJRefresh,77.08525744494496
balderdashy/waterline,75.96918209876543
hamcrest/hamcrest-php,665.5081288580247
getlantern/lantern,22.34204544632523
adam-p/markdown-here,141.93546296296296
connors/photon,2.5996469907407405
mybatis/generator,450.90534606481475
gvergnaud/ts-pattern,25.09376851851852
kaminari/kaminari,77.93741126543209
zhihu/Matisse,63.65702215608466
facebook/relay,35.462878234805316
mixn/carbon-now-cli,295.81628472222224
nhn/tui.chart,30.37533209701179
apache/echarts,27.580527356902355
realm/jazzy,54.83785700031928
tonsky/datascript,30.87383301767677
jquery/jquery,176.41971395502642
ajaxorg/ace,9.194790426587302
electronicarts/EASTL,57.1776936728395
hybridgroup/gobot,77.2310596707819
shentao/vue-multiselect,75.44346405228758
fatedier/frp,32.728974673202615
GoogleChrome/lighthouse-ci,24.757238600628934
robertdavidgraham/masscan,269.80680439814813
snipe/snipe-it,15.58843424322591
shazow/ssh-chat,183.8109332912458
drakeet/MultiType,50.852094907407405
acaudwell/Gource,247.2323237179487
pallets/werkzeug,57.37433183183183
mail-in-a-box/mailinabox,123.05585324074075
StackExchange/StackExchange.Redis,49.08391557355967
gcanti/fp-ts,13.035027751473065
swc-project/swc,4.077170786535633
denoland/deno,7.688669746709519
matthew-andrews/isomorphic-fetch,22.307771990740743
scala/scala,52.98964550264551
alexazhou/VeryNginx,12.809770061728395
DaveGamble/cJSON,53.93193029835391
jorgebucaran/hyperapp,36.187494907407405
JetBrains/kotlin,17.649535707956762
jasontaylordev/CleanArchitecture,126.14506558641973
PHPOffice/PHPWord,162.33517636684306
auth0/java-jwt,53.65440837639966
aws/aws-sdk-js,1.9727536936453653
xmartlabs/XLForm,164.3787716049383
dropwizard/dropwizard,21.55371424010217
jgraph/drawio,3.1046518572842725
iperov/DeepFaceLive,17.733808210784314
eligrey/FileSaver.js,112.55678596866098
danielgindi/Charts,82.86928208590534
NodeOS/NodeOS,16.810413049768517
ZipArchive/ZipArchive,70.1970759936766
Cyan4973/xxHash,143.1269922504026
rtyley/bfg-repo-cleaner,322.93306568287034
PanJiaChen/vue-admin-template,114.01695859053497
domlysz/BlenderGIS,276.2138483796296
jiaaro/pydub,77.61799729938272
rollup/rollup,6.845852277690426
journeyapps/zxing-android-embedded,260.9970008680555
novus/nvd3,155.36314814814816
wkentaro/labelme,31.151748787477953
mayswind/AriaNg,73.66381467864925
hashicorp/terraform-provider-aws,7.446974919728196
svg/svgo,66.96350805733618
codemirror/codemirror5,26.844853372233178
kylemanna/docker-openvpn,519.4446412037037
jquense/react-big-calendar,14.117807521903623
Project-OSRM/osrm-backend,84.66019987535613
krzyzanowskim/CryptoSwift,53.09291063850309
Spotifyd/spotifyd,27.931141034327013
kefranabg/readme-md-generator,14.239694251543208
kulshekhar/ts-jest,20.03146895087236
apache/apisix,30.967015023602034
jonsuh/hamburgers,157.423152281746
yuliskov/SmartTubeNext,5.539215509259258
sindresorhus/caprine,23.392511757789535
technomancy/leiningen,110.88542576058201
sindresorhus/ora,70.96145750661375
akavel/up,122.85348572530863
hashicorp/serf,159.12404658564813
microsoft/playwright,11.935948766797772
hackware1993/MagicIndicator,138.241492003367
sensepost/objection,18.667726566463724
TryGhost/node-sqlite3,61.18664212962963
szimek/signature_pad,79.9946941872428
powerline/powerline,133.93099206349208
microsoft/TypeScript,17.990184162062615
plasma-umass/scalene,18.418871064814812
kubernetes/autoscaler,9.73902505446623
neovim/neovim,76.67151279956427
kelseyhightower/confd,34.09958852985639
capistrano/capistrano,89.10786159003833
neuecc/UniRx,76.43463686342592
mutualmobile/MMDrawerController,52.831553596866094
spatie/laravel-backup,11.192412781084656
streamich/react-use,5.240381524417562
apache/dubbo,36.59168006138161
mediaelement/mediaelement,45.227507489106756
89luca89/distrobox,17.22284090909091
alyssaxuu/screenity,56.19869708994708
vuejs/vue-router,28.99434456928839
Miserlou/Zappa,102.75763194444444
daimajia/AndroidSwipeLayout,13.99747889433551
popcorn-time/popcorn-app,4.007048611111111
linuxserver/Heimdall,27.526754502790457
cymcsg/UltimateRecyclerView,23.021222511574077
chenglou/react-motion,55.93485339506173
nektos/act,29.184671217827997
carloscuesta/gitmoji,51.01243827160494
shadowsocks/ShadowsocksX-NG,88.29498098544974
github/gh-ost,50.09725231481482
ramsey/uuid,47.252520359214635
openalpr/openalpr,152.45428819444444
phoenixframework/phoenix,94.11037037037038
opencv/opencv,64.6497355324074
mrniko/netty-socketio,177.34952020202022
Carthage/Carthage,41.901589105339106
golang/protobuf,66.45604571759259
python-visualization/folium,127.39552938808374
Akryum/vue-virtual-scroller,53.28531001984127
BlackrockDigital/startbootstrap,63.00824074074074
hybridgroup/gocv,59.43770672582304
qiao/PathFinding.js,152.28306712962964
mmistakes/minimal-mistakes,25.293295948049817
minio/minio,6.618209055686893
cameron314/concurrentqueue,612.0674594907408
twbs/ratchet,80.21433641975308
jpillora/chisel,106.1501728128991
clojure/clojurescript,34.16632908950617
googollee/go-socket.io,134.18729271885522
kamranahmedse/git-standup,128.10278935185184
z-song/laravel-admin,28.910721786097696
reactiveui/refit,63.52408706952567
guzzle/psr7,77.03801922582305
MatthewYork/DateTools,112.59867872807018
symfony/var-dumper,8.022104345789243
fkling/astexplorer,27.247130353009258
abraunegg/onedrive,32.65543494152047
gephi/gephi,262.6061078960906
sameersbn/docker-gitlab,6.057907808750081
lanpa/tensorboardX,126.78829034391534
Unitech/pm2,26.480972416744475
microsoft/cpprestsdk,93.74592438271604
ytisf/theZoo,273.507974537037
danielgatis/rembg,29.619684927983542
cssinjs/jss,36.52755439814815
openframeworks/openFrameworks,231.0725925925926
gcla/termshark,196.50514274691355
google/flatbuffers,96.05340890522876
rakyll/hey,229.10834876543208
metafizzy/infinite-scroll,161.40171585648147
mathjax/MathJax,83.39837841130604
google/material-design-icons,142.3003163580247
google/googletest,299.5003395061728
developit/unfetch,133.7644458912037
inversify/InversifyJS,29.9682903665652
tristanhimmelman/ObjectMapper,36.640448768343816
styled-components/styled-components,16.39116139069264
go-kit/kit,212.2667824074074
mastodon/mastodon,11.031248481230099
seaweedfs/seaweedfs,13.061515419020717
magit/magit,89.13885635635636
audacity/audacity,78.08473473473474
grpc/grpc,11.647963048696845
google/traceur-compiler,23.294818948412697
qishibo/AnotherRedisDesktopManager,35.93178293350169
Terry-Mao/goim,872.5453587962962
wagerfield/parallax,131.3995439814815
serilog/serilog,159.37335431134258
google/tsunami-security-scanner,67.17264910130719
swagger-api/swagger-core,39.67123153073286
shadcn/ui,18.997200126262626
sschmid/Entitas,25.349983116717638
benoitc/gunicorn,131.00497685185186
ray-project/ray,32.33993891460905
blue-yonder/tsfresh,172.4547974537037
microsoft/playwright-python,14.891784211159212
semantic-release/semantic-release,8.350617926954731
SocketCluster/socketcluster,73.90762408484066
liaohuqiu/android-Ultra-Pull-To-Refresh,41.85559523809524
airbnb/epoxy,33.227632789039035
facebook/flow,10.255207088021566
daimajia/AndroidViewAnimations,121.16945891203704
evilsocket/opensnitch,38.844988425925926
ossrs/srs,45.29261857966457
styled-components/polished,21.56372344771242
chenshuo/muduo,160.4809266067538
LeaVerou/awesomplete,316.3240185185185
BoltsFramework/Bolts-ObjC,103.04397990319865
facebook/fresco,66.14316858747044
krzysztofzablocki/Sourcery,29.0858329248366
metafizzy/zdog,38.88075520833333
laurent22/joplin,7.071904201693471
blakeblackshear/frigate,15.80647552910053
marionettejs/backbone.marionette,35.48997985810486
KnuffApp/Knuff,523.0648842592592
aleju/imgaug,138.19925925925926
transitive-bullshit/chatgpt-api,1.6428924566768603
glushchenko/fsnotes,7.713471746575341
symfony/console,7.254238732862697
rmax/scrapy-redis,662.3415663580247
lipis/flag-icons,49.90123557204465
niieani/bash-oo-framework,472.3488888888889
Instagram/IGListKit,126.21735853909466
pbatard/rufus,55.83428697612086
mxcl/PromiseKit,42.385592303240735
metafizzy/flickity,108.2015413647343
AdguardTeam/AdGuardHome,11.675532624421296
tsenart/vegeta,53.704001473063975
OrchardCMS/OrchardCore,151.2911011904762
jsdom/jsdom,41.46575121252204
robinmoisson/staticrypt,33.58261396011396
tj/git-extras,156.90251851851852
microsoft/FASTER,14.280186853520187
hugsy/gef,143.20573660714288
jondot/hygen,27.17288896478446
JakubOnderka/PHP-Console-Highlighter,354.243587962963
google/automl,50.0541087962963
SVG-Edit/svgedit,111.5725068392256
romaonthego/RESideMenu,58.65929398148148
symfony/debug,25.99970205026455
rancher/rancher,3.2438438460601287
kyleconroy/sqlc,50.287626028806585
pocoproject/poco,100.71831627680312
microsoft/botframework-sdk,24.060732349537034
babel/babel,7.679459608338285
doctrine/event-manager,316.87366203703704
kishikawakatsumi/KeychainAccess,75.07894212962962
facebook/react-native,11.303064152241008
microsoft/PowerToys,17.508087009803923
square/crossfilter,82.91240663580247
sirupsen/logrus,98.06942772633745
arrow-kt/arrow,50.07098822892041
angular/angular-cli,3.659393254896863
quartz-scheduler/quartz,496.99868827160486
shadowsocks/shadowsocks-rust,17.90846652560764
PyMySQL/PyMySQL,179.55004861111112
koreader/koreader,16.418938677362707
google/benchmark,106.99230930335098
aria2/aria2,97.94241056397307
dmlc/dgl,53.46771556712963
gocd/gocd,44.11046018518518
zxing/zxing,119.96676045657726
centrifugal/centrifugo,29.173672839506178
cython/cython,30.356199494949493
lovell/sharp,30.998418034511786
apple/foundationdb,10.09833302605703
sammchardy/python-binance,137.21318865740741
checkstyle/checkstyle,57.45976247617103
nfl/react-helmet,587.1230671296297
sindresorhus/github-markdown-css,485.2994295634921
tesseract-ocr/tessdata,1031.9777430555555
folke/lazy.nvim,2.654774354186119
p0deje/Maccy,39.725392405626785
apache/shenyu,131.37046875000001
